"","sofifa_id","player_url","short_name","age","height_cm","weight_kg","nationality","club","overall","potential","value_eur","wage_eur","player_positions","preferred_foot","weak_foot","skill_moves","work_rate","release_clause_eur","player_tags","team_position","team_jersey_number","loaned_from","joined","contract_valid_until","pace","shooting","passing","dribbling","defending","physic","gk_reflexes","player_traits","attacking_crossing","attacking_finishing","attacking_heading_accuracy","attacking_short_passing","attacking_volleys","skill_dribbling","skill_curve","skill_fk_accuracy","skill_long_passing","skill_ball_control","movement_acceleration","movement_sprint_speed","movement_agility","movement_reactions","movement_balance","power_shot_power","power_jumping","power_stamina","power_strength","power_long_shots","mentality_aggression","mentality_interceptions","mentality_positioning","mentality_vision","mentality_penalties","mentality_composure","defending_marking","defending_standing_tackle","defending_sliding_tackle"
"1",231747,"https://sofifa.com/player/231747/kylian-mbappe/20/159586","K. Mbappé",20,178,73,"France","Paris Saint-Germain",89,95,93500000,155000,"ST, RW","Right",4,5,"High/Low",191700000,"#Speedster, #Dribbler, #Acrobat","RW",7,"","2018-07-01",2022,96,84,78,90,39,75,NA,"Beat Offside Trap, Selfish, Early Crosser, Speed Dribbler (CPU AI Only), Crowd Favourite",78,89,77,82,79,91,79,63,70,90,96,96,92,89,83,83,76,84,76,79,62,38,89,80,70,84,34,34,32
"2",205175,"https://sofifa.com/player/205175/arkadiusz-milik/20/159586","A. Milik",25,186,78,"Poland","Napoli",83,88,35000000,91000,"ST","Left",3,4,"Medium/Medium",62100000,"#Poacher, #Clinical Finisher","RS",99,"","2016-08-02",2021,69,85,64,76,39,74,NA,"Power Free-Kick, Speed Dribbler (CPU AI Only)",58,88,80,66,78,76,74,84,62,81,67,71,67,77,63,86,64,70,80,82,67,36,85,60,79,78,35,34,32
"3",211300,"https://sofifa.com/player/211300/anthony-martial/20/159586","A. Martial",23,184,76,"France","Manchester United",83,88,34500000,140000,"LW, ST, LM","Right",3,4,"Medium/Low",68100000,"#Dribbler","ST",9,"","2015-09-01",2024,89,81,72,86,41,71,NA,"Beat Offside Trap, Selfish, Early Crosser, Crowd Favourite",72,82,69,78,74,87,84,54,60,86,88,89,84,80,79,84,70,75,74,77,58,42,82,73,81,79,34,39,36
"4",212523,"https://sofifa.com/player/212523/anderson-souza-conceicao/20/159586","Anderson Talisca",25,190,80,"Brazil","Guangzhou Evergrande Taobao FC",83,88,34500000,38000,"CAM, RW","Left",4,4,"High/Low",57800000,"#FK Specialist","RW",9,"","2019-01-01",2022,77,82,80,81,57,72,NA,"Beat Offside Trap, Leadership, Argues with Officials, Finesse Shot",75,80,77,81,76,82,86,87,79,84,78,76,76,79,70,84,58,79,72,88,67,55,86,81,75,74,53,59,42
"5",230142,"https://sofifa.com/player/230142/mikel-oyarzabal-ugarte/20/159586","Oyarzabal",22,181,78,"Spain","Real Sociedad",82,89,31000000,39000,"LW, LM, RW","Left",3,3,"High/Medium",71300000,"#Clinical Finisher","LW",10,"","2014-07-01",2024,75,82,79,83,39,61,NA,"Early Crosser",82,86,44,81,64,85,69,71,73,84,74,76,77,81,75,80,56,78,57,81,52,29,80,79,76,70,55,32,30
"6",208596,"https://sofifa.com/player/208596/andrea-belotti/20/159586","A. Belotti",25,181,72,"Italy","Torino",82,87,30000000,63000,"ST","Right",5,3,"High/High",53300000,"","ST",9,"","2015-08-18",2021,77,81,57,77,41,82,NA,"Long Passer (CPU AI Only), Speed Dribbler (CPU AI Only)",42,88,84,68,82,78,64,56,42,75,77,77,78,76,75,81,83,81,82,67,83,31,85,61,77,75,55,23,32
"7",231478,"https://sofifa.com/player/231478/lautaro-martinez/20/159586","L. Martínez",21,174,81,"Argentina","Inter",81,89,27000000,61000,"ST","Right",4,4,"High/Medium",51300000,"","RS",10,"","2018-07-05",2023,81,77,68,82,40,83,NA,"Selfish, Long Passer (CPU AI Only), Crowd Favourite",56,82,82,72,69,82,76,33,73,82,81,81,86,78,73,79,88,78,84,69,84,31,82,76,66,77,56,22,25
"8",242444,"https://sofifa.com/player/242444/joao-felix-sequeira/20/159586","João Félix",19,181,70,"Portugal","Atlético Madrid",80,93,28000000,38000,"CF, ST","Right",4,5,"High/Medium",74900000,"","RS",7,"","2019-07-03",2026,82,80,74,81,40,70,NA,"Selfish, Finesse Shot, Speed Dribbler (CPU AI Only), Crowd Favourite",73,79,69,76,79,82,81,58,67,80,79,85,83,83,80,82,79,79,64,80,69,38,84,77,68,82,30,42,35
"9",223113,"https://sofifa.com/player/223113/krzysztof-piatek/20/159586","K. Piątek",24,183,77,"Poland","Milan",80,86,20500000,44000,"ST","Right",3,3,"Medium/Medium",39000000,"#Poacher","LS",9,"","2019-01-23",2023,76,80,53,73,38,71,NA,"Speed Dribbler (CPU AI Only)",51,86,80,64,75,72,60,40,35,76,78,75,74,76,61,80,81,73,76,69,51,31,86,52,75,72,33,38,24
"10",224458,"https://sofifa.com/player/224458/diogo-jose-teixeira-da-silva/20/159586","Diogo Jota",22,178,73,"Portugal","Wolverhampton Wanderers",80,86,20500000,84000,"CF, LW","Right",5,4,"High/High",43100000,"#Acrobat","LS",18,"","2018-07-01",2022,83,77,70,84,53,76,NA,"Diver, Early Crosser",67,77,52,72,75,84,76,58,68,84,88,79,87,81,86,82,66,80,71,74,85,54,82,73,63,84,53,54,44
"11",211591,"https://sofifa.com/player/211591/moussa-dembele/20/159586","M. Dembélé",22,183,74,"France","Olympique Lyonnais",80,85,20000000,71000,"ST","Right",3,4,"High/Medium",39500000,"","ST",9,"","2018-08-31",2023,82,77,61,76,30,81,NA,"Selfish",50,81,76,71,69,75,69,41,48,79,79,85,78,77,68,80,83,74,86,66,75,22,82,68,82,76,39,14,16
"12",212623,"https://sofifa.com/player/212623/santiago-mina-lorenzo/20/159586","Santi Mina",23,181,77,"Spain","RC Celta",80,85,20000000,29000,"ST","Right",4,3,"High/Medium",43500000,"","LS",22,"","2019-07-14",2024,77,79,69,78,53,72,NA,"Early Crosser",73,82,77,72,75,79,69,55,65,79,75,78,75,79,72,80,73,75,71,74,69,55,83,68,67,69,51,46,49
"13",212692,"https://sofifa.com/player/212692/marcos-paulo-mesquita-lopes/20/159586","Rony Lopes",23,174,68,"Portugal","Sevilla FC",80,85,20000000,19000,"LM, LW","Left",3,4,"High/Medium",43500000,"","LW",7,"","2019-08-14",2024,79,75,76,83,30,57,NA,"Argues with Officials, Early Crosser",77,77,38,78,56,84,76,73,71,82,83,76,84,76,88,77,50,70,58,74,39,29,78,77,65,74,30,28,27
"14",215330,"https://sofifa.com/player/215330/joaquin-correa/20/159586","J. Correa",24,188,77,"Argentina","Lazio",80,85,20000000,53000,"CF, ST, CAM","Right",4,4,"High/Medium",35500000,"","CF",11,"","2018-08-01",2023,84,75,75,85,39,67,NA,"Beat Offside Trap, Selfish, Argues with Officials, Crowd Favourite",74,77,68,78,75,87,79,63,69,86,82,86,84,77,67,78,63,73,72,71,48,36,77,77,57,73,39,37,26
"15",238794,"https://sofifa.com/player/238794/vinicius-jose-de-oliveira-junior/20/159586","Vinícius Jr.",18,176,73,"Brazil","Real Madrid",79,92,22500000,60000,"LW","Right",4,5,"High/Medium",60200000,"#Speedster, #Dribbler, #Acrobat","RW",28,"","2018-07-12",2025,93,70,71,85,29,63,NA,"Selfish, Early Crosser, Speed Dribbler (CPU AI Only), Crowd Favourite",71,68,50,73,70,86,77,62,67,82,92,94,93,77,83,74,75,79,60,68,48,26,76,73,65,77,32,25,18
"16",235805,"https://sofifa.com/player/235805/federico-chiesa/20/159586","F. Chiesa",21,175,70,"Italy","Fiorentina",79,87,18500000,48000,"RW, CF","Right",4,4,"High/High",35200000,"","RW",25,"","2016-07-01",2022,85,74,71,83,44,64,NA,"Diver, Argues with Officials, Early Crosser",72,70,50,76,68,84,74,48,60,81,87,84,86,78,77,81,54,76,60,78,62,30,76,73,62,76,65,34,34
"17",227796,"https://sofifa.com/player/227796/christian-pulisic/20/159586","C. Pulisic",20,177,69,"United States","Chelsea",79,86,18000000,85000,"LW, RW","Right",4,4,"Medium/Medium",37800000,"#Speedster","LW",22,"","2019-01-02",2024,90,68,70,84,36,58,NA,"Power Free-Kick, Early Crosser, Crowd Favourite",69,68,40,75,70,85,69,58,59,83,93,87,87,77,86,77,78,77,51,58,45,33,73,74,61,69,38,32,47
"18",210315,"https://sofifa.com/player/210315/raul-de-tomas-gomez/20/159586","De Tomás",24,180,72,"Spain","SL Benfica",79,85,17500000,16000,"ST","Right",3,3,"Medium/Medium",38500000,"","LS",9,"","2019-07-03",2024,72,81,60,73,35,71,NA,"Long Throw-in, Argues with Officials, Speed Dribbler (CPU AI Only)",50,81,75,72,78,72,53,73,52,75,70,73,72,78,75,84,79,66,79,82,54,22,79,54,75,75,53,16,20
"19",229167,"https://sofifa.com/player/229167/milot-rashica/20/159586","M. Rashica",23,177,73,"Kosovo","SV Werder Bremen",79,85,17500000,32000,"LW, CF, RW","Right",4,3,"High/Medium",33300000,"#Speedster, #Acrobat","LW",7,"","2018-01-31",2022,90,78,71,83,44,63,NA,"Long Throw-in, Argues with Officials, Early Crosser",73,78,52,74,76,84,74,68,67,80,93,87,90,78,77,84,47,74,58,77,67,39,75,68,65,74,55,37,34
"20",232381,"https://sofifa.com/player/232381/wesley-moraes-ferreira-da-silva/20/159586","Wesley",22,191,94,"Brazil","Aston Villa",79,85,17500000,61000,"ST","Right",3,3,"High/High",36800000,"#Strength","ST",9,"","2019-07-01",2024,77,76,68,73,38,88,NA,"",58,74,75,76,74,75,57,49,68,80,69,83,53,74,45,84,70,81,95,73,83,37,78,71,69,78,35,37,15
"21",208330,"https://sofifa.com/player/208330/adnan-januzaj/20/159586","A. Januzaj",24,186,76,"Belgium","Real Sociedad",79,84,17000000,32000,"RW, RM","Left",4,4,"Medium/Low",37000000,"","RW",11,"","2017-07-12",2022,76,76,74,82,29,56,NA,"Selfish, Crowd Favourite",82,79,42,72,67,85,80,65,74,82,79,74,79,76,69,74,61,64,57,75,41,36,76,72,60,74,30,22,22
"22",220253,"https://sofifa.com/player/220253/munir-el-haddadi/20/159586","Munir",23,175,69,"Spain","Sevilla FC",79,84,17000000,20000,"ST, RW, LM","Left",3,4,"High/Low",37000000,"","RW",11,"","2019-01-11",2023,84,77,75,81,35,66,NA,"Early Crosser, Outside Foot Shot",73,78,75,80,80,81,81,67,62,82,85,84,84,77,82,76,62,74,66,75,58,25,78,76,66,80,38,27,25
"23",220697,"https://sofifa.com/player/220697/james-maddison/20/159586","J. Maddison",22,175,73,"England","Leicester City",79,84,17000000,72000,"CAM, CM, LW","Right",4,4,"High/Medium",33600000,"","LW",10,"","2018-06-20",2023,75,72,82,79,39,57,NA,"Selfish, Argues with Officials, Finesse Shot",81,69,30,83,69,78,79,82,77,82,76,74,84,69,78,79,54,74,49,73,56,45,75,84,74,78,37,40,34
"24",233419,"https://sofifa.com/player/233419/raphael-dias-belloli/20/159586","Raphinha",22,176,68,"Brazil","Sporting CP",79,84,17000000,16000,"RW, LW","Left",3,4,"High/Medium",35300000,"#Acrobat","RW",11,"","2018-07-01",2022,89,74,74,82,49,70,NA,"Selfish, Early Crosser, Crowd Favourite",76,70,45,75,72,83,81,72,67,80,90,89,87,80,79,80,73,82,63,74,74,55,79,75,73,79,45,54,38
"25",223334,"https://sofifa.com/player/223334/joelinton-apolinario-de-lira/20/159586","Joelinton",22,186,81,"Brazil","Newcastle United",78,84,14500000,41000,"ST, CAM","Right",4,3,"High/Medium",30500000,"","RS",9,"","2019-07-23",2024,78,75,60,76,43,81,NA,"Crowd Favourite",44,80,74,73,67,77,52,38,56,78,77,79,69,72,67,81,76,75,85,62,78,45,77,64,61,73,29,48,38
"26",209519,"https://sofifa.com/player/209519/gaetan-laborde/20/159586","G. Laborde",25,181,78,"France","Montpellier HSC",78,83,14000000,36000,"ST","Left",3,3,"High/Medium",27700000,"","RS",10,"","2018-08-16",2022,72,76,67,75,34,79,NA,"",64,79,81,74,77,76,68,52,61,74,70,74,73,77,64,78,85,80,80,69,72,24,77,68,66,72,37,29,16
"27",216816,"https://sofifa.com/player/216816/giovanni-simeone/20/159586","G. Simeone",23,180,81,"Argentina","Fiorentina",77,84,12500000,47000,"ST","Right",3,3,"High/High",23800000,"","ST",9,"","2017-08-16",2022,77,75,59,76,39,71,NA,"Diver, Long Passer (CPU AI Only)",40,78,79,68,72,76,69,60,55,76,78,76,75,76,74,79,84,71,70,66,70,24,80,60,71,76,51,29,26
"28",221479,"https://sofifa.com/player/221479/dominic-calvert-lewin/20/159586","D. Calvert-Lewin",22,187,71,"England","Everton",77,83,12500000,68000,"ST","Right",3,3,"High/Medium",26300000,"","ST",9,"","2016-08-31",2023,84,70,63,75,38,79,NA,"Early Crosser",65,70,81,70,65,76,59,54,44,76,82,86,72,75,64,77,87,80,81,63,73,34,77,64,72,69,38,31,23
"29",215689,"https://sofifa.com/player/215689/andrea-petagna/20/159586","A. Petagna",24,190,85,"Italy","SPAL",77,82,12000000,16000,"ST","Left",3,3,"Medium/Medium",22500000,"#Strength","LS",37,"","2019-07-01",2024,62,74,68,75,40,81,NA,"",60,77,77,76,66,77,59,45,64,80,55,68,57,73,71,80,70,77,92,62,62,22,79,74,77,71,59,27,20
"30",231352,"https://sofifa.com/player/231352/tammy-abraham/20/159586","T. Abraham",21,196,80,"England","Chelsea",76,85,12000000,67000,"ST","Right",3,3,"Medium/Medium",25200000,"#Aerial Threat","ST",9,"","2014-10-01",2022,74,74,57,69,31,68,NA,"",50,78,77,65,64,68,50,42,44,73,68,78,63,74,56,76,70,66,79,67,41,22,78,65,72,73,35,23,15
"31",231447,"https://sofifa.com/player/231447/donyell-malen/20/159586","D. Malen",20,179,78,"Netherlands","PSV",76,85,12000000,15000,"ST, LW","Right",3,4,"Medium/Medium",19200000,"#Speedster","ST",9,"","2017-08-31",2024,91,73,64,80,29,72,NA,"Selfish, Speed Dribbler (CPU AI Only), Crowd Favourite",66,78,67,69,72,81,63,57,52,78,92,90,82,72,76,75,74,76,74,67,60,31,67,65,60,69,27,22,16
"32",235029,"https://sofifa.com/player/235029/fedor-chalov/20/159586","F. Chalov",21,180,77,"Russia","PFC CSKA Moscow",76,85,12000000,1000,"ST","Right",4,3,"High/Low",28800000,"","ST",9,"","2015-07-01",2022,80,74,65,75,33,63,NA,"Beat Offside Trap, Selfish, Outside Foot Shot",58,79,67,73,72,74,56,38,60,77,79,81,75,77,73,70,62,76,67,64,36,44,78,71,74,82,23,26,23
"33",219536,"https://sofifa.com/player/219536/ignacio-pussetto/20/159586","I. Pussetto",23,180,74,"Argentina","Udinese",76,84,11500000,17000,"ST, RW, RM","Right",4,3,"High/Medium",21900000,"","LS",23,"","2018-07-23",2023,80,74,62,77,25,65,NA,"",65,78,67,68,64,80,43,42,67,77,82,78,76,68,66,74,71,76,72,67,33,12,79,55,69,69,25,18,25
"34",235410,"https://sofifa.com/player/235410/youssef-en-nesyri/20/159586","Y. En-Nesyri",22,192,78,"Morocco","CD Leganés",76,82,10500000,27000,"ST","Left",4,3,"High/High",24200000,"","LS",26,"","2018-08-17",2023,75,74,54,74,34,74,NA,"",48,77,80,63,70,79,63,47,46,73,74,76,66,74,50,75,82,74,73,68,72,31,78,49,67,59,27,31,27
"35",220085,"https://sofifa.com/player/220085/luca-waldschmidt/20/159586","L. Waldschmidt",23,181,74,"Germany","SC Freiburg",76,81,10500000,23000,"CF, ST","Left",3,3,"Medium/Medium",19700000,"","RS",11,"","2018-07-01",2022,76,78,69,75,29,60,NA,"Argues with Officials",63,78,59,75,67,75,69,63,58,73,77,76,80,74,75,81,63,69,61,80,44,28,80,75,76,63,33,19,18
"36",236593,"https://sofifa.com/player/236593/calvin-stengs/20/159586","C. Stengs",20,187,68,"Netherlands","AZ Alkmaar",75,86,11500000,9000,"RW","Left",3,4,"Medium/Medium",19600000,"","RW",7,"","2016-08-26",2023,77,62,73,79,34,58,NA,"Speed Dribbler (CPU AI Only)",69,64,42,75,63,78,67,62,72,82,78,77,80,78,68,61,52,73,56,59,47,27,69,80,52,76,39,31,30
"37",221714,"https://sofifa.com/player/221714/alfredo-morelos/20/159586","A. Morelos",23,177,79,"Colombia","Rangers FC",75,84,10500000,44000,"ST","Right",4,3,"High/Medium",21000000,"","ST",20,"","2017-07-01",2023,80,70,62,72,41,81,NA,"",56,74,73,67,48,74,65,26,64,72,81,80,61,67,81,75,78,74,85,63,81,29,80,64,60,70,47,38,19
"38",231826,"https://sofifa.com/player/231826/yann-karamoh/20/159586","Y. Karamoh",20,185,77,"France","Parma",75,84,10500000,28000,"RM, RW","Right",4,4,"High/Medium",NA,"","RW",7,"Inter","",2020,79,69,69,79,31,62,NA,"Argues with Officials, Early Crosser",67,68,65,73,66,82,67,44,65,79,82,77,73,70,65,69,68,72,61,70,50,29,72,73,65,73,23,31,26
"39",238858,"https://sofifa.com/player/238858/bruno-vinicius-souza-ramos/20/159586","Bruno Tabata",22,178,67,"Brazil","Portimonense SC",75,84,10500000,9000,"RW, LW","Left",3,4,"Medium/Low",24200000,"","RW",10,"","2016-07-01",2023,81,67,71,80,40,60,NA,"Selfish, Crowd Favourite",75,63,56,73,68,81,76,70,61,79,84,78,77,76,76,77,56,74,55,66,56,53,74,72,65,80,32,37,33
"40",235866,"https://sofifa.com/player/235866/christian-kouame/20/159586","C. Kouamé",21,185,70,"Ivory Coast","Genoa",75,83,10000000,14000,"ST, CF","Right",4,3,"High/Medium",19000000,"","RS",11,"","2018-07-13",2023,84,71,61,75,40,70,NA,"",57,78,69,68,58,77,52,45,52,75,83,84,74,69,65,72,92,68,75,58,55,37,78,65,61,68,41,35,32
"41",239015,"https://sofifa.com/player/239015/emmanuel-dennis/20/159586","E. Dennis",21,175,66,"Nigeria","Club Brugge KV",75,83,10000000,18000,"RW, LW, ST","Right",3,4,"Medium/Low",16000000,"#Speedster","LW",42,"","2017-07-01",2021,92,71,62,79,39,67,NA,"Injury Free, Crowd Favourite",70,75,74,63,61,78,62,41,58,79,93,91,85,73,86,75,93,74,59,66,73,13,65,58,56,67,41,45,27
"42",217731,"https://sofifa.com/player/217731/sandro-ramirez-castillo/20/159586","Sandro",23,175,71,"Spain","Real Valladolid CF",75,81,9500000,18000,"ST, LM, LW","Right",4,3,"High/Medium",NA,"","LS",20,"Everton","",2020,68,76,65,79,30,64,NA,"Argues with Officials",65,73,62,68,74,79,81,77,59,81,72,65,78,73,76,84,68,60,66,76,62,33,77,56,69,65,25,25,24
"43",228093,"https://sofifa.com/player/228093/marcus-thuram/20/159586","M. Thuram",21,192,87,"France","Borussia Mönchengladbach",75,81,9000000,19000,"LM, ST","Right",3,3,"High/Low",17100000,"#Strength","RS",10,"","2019-07-22",2023,83,73,67,76,47,75,NA,"",66,73,73,74,66,81,56,30,63,76,81,84,69,70,54,79,68,73,86,70,53,45,73,69,63,69,43,46,37
"44",228520,"https://sofifa.com/player/228520/ezequiel-avila/20/159586","E. Ávila",25,172,81,"Argentina","CA Osasuna",75,80,9000000,29000,"ST, RM","Left",4,3,"High/High",20500000,"","ST",9,"","2019-07-01",2023,78,76,63,74,43,75,NA,"Argues with Officials",56,76,67,68,78,73,58,57,62,74,76,79,74,72,88,79,61,66,78,75,80,38,70,66,72,69,42,40,41
"45",228747,"https://sofifa.com/player/228747/oussama-idrissi/20/159586","O. Idrissi",23,183,78,"Morocco","AZ Alkmaar",75,80,9000000,11000,"LW","Right",2,4,"High/Medium",14200000,"","LW",11,"","2018-01-17",2022,83,70,70,80,29,67,NA,"Injury Free, Selfish, Argues with Officials, Speed Dribbler (CPU AI Only), Crowd Favourite",67,70,48,71,73,82,82,68,68,80,84,83,80,68,72,78,34,73,66,70,68,23,67,68,45,71,34,22,23
"46",232293,"https://sofifa.com/player/232293/victor-osimhen/20/159586","V. Osimhen",20,185,78,"Nigeria","LOSC Lille",74,85,10000000,25000,"ST","Right",4,3,"High/High",21000000,"","ST",7,"","2019-08-01",2024,85,73,61,70,36,76,NA,"Early Crosser",64,75,75,66,66,68,59,39,49,71,78,90,74,68,68,73,81,75,77,71,71,29,72,62,67,68,36,36,13
"47",231138,"https://sofifa.com/player/231138/christian-bassogog/20/159586","C. Bassogog",23,173,72,"Cameroon","Henan Jianye FC",74,81,8000000,13000,"ST, RM, LM","Left",2,4,"High/Medium",14000000,"","RS",10,"","2017-02-19",2020,89,71,60,77,38,69,NA,"Injury Free",47,74,62,64,65,79,76,73,61,72,88,90,82,73,84,75,73,76,72,60,54,25,74,56,65,63,45,33,35
"48",215455,"https://sofifa.com/player/215455/bruno-petkovic/20/159586","B. Petković",24,193,88,"Croatia","Dinamo Zagreb",74,80,8000000,1000,"ST, CAM","Right",4,4,"High/Medium",19200000,"#Strength","ST",21,"","2018-08-06",2023,67,72,73,73,37,76,NA,"Selfish",54,73,73,81,77,73,70,74,73,82,65,68,71,65,34,78,68,66,92,61,49,21,67,80,82,78,36,41,21
"49",220621,"https://sofifa.com/player/220621/said-benrahma/20/159586","S. Benrahma",23,172,67,"Algeria","Brentford",74,80,7500000,35000,"LW, RW, RM","Right",4,4,"High/Low",15800000,"","LW",21,"","2018-07-06",2022,79,70,71,77,35,50,NA,"Selfish, Argues with Officials, Speed Dribbler (CPU AI Only), Crowd Favourite",74,71,47,70,66,81,71,68,63,74,80,78,82,68,62,71,54,65,44,70,45,36,67,76,62,66,42,29,21
"50",221697,"https://sofifa.com/player/221697/ollie-watkins/20/159586","O. Watkins",23,180,70,"England","Brentford",74,80,7500000,35000,"RW, LW, ST","Right",3,3,"High/Medium",15800000,"","ST",11,"","2017-07-18",2021,82,70,68,74,44,61,NA,"Early Crosser",68,73,58,70,53,75,60,56,59,72,79,85,82,70,73,70,66,68,68,68,34,44,73,74,60,54,40,46,36
"51",224538,"https://sofifa.com/player/224538/pedro-nuno-fernandes-ferreira/20/159586","Pedro Nuno",24,176,68,"Portugal","Moreirense FC",74,80,7500000,11000,"LW, CAM, CM","Right",4,3,"High/Low",17300000,"","LW",27,"","2018-07-09",2021,67,73,75,77,38,59,NA,"",76,70,55,75,64,77,74,74,74,78,69,66,77,76,74,79,67,75,48,73,66,46,73,75,83,65,34,33,28
"52",225293,"https://sofifa.com/player/225293/habib-diallo/20/159586","H. Diallo",24,186,79,"Senegal","FC Metz",74,80,8000000,16000,"ST","Right",2,3,"High/Medium",17600000,"","ST",20,"","2015-07-01",2022,72,72,52,68,22,70,NA,"",35,78,78,64,66,70,50,36,42,68,73,71,60,68,67,74,75,68,80,57,47,19,75,58,80,65,13,17,17
"53",216433,"https://sofifa.com/player/216433/anwar-el-ghazi/20/159586","A. El Ghazi",24,189,90,"Netherlands","Aston Villa",74,79,7500000,43000,"LW, RW","Right",4,4,"Medium/Low",14800000,"","LW",21,"","2019-07-01",2023,76,75,68,75,32,69,NA,"Selfish, Crowd Favourite",71,72,70,71,69,78,75,73,54,77,73,78,67,71,52,83,52,71,75,77,55,28,72,67,63,69,32,28,15
"54",219797,"https://sofifa.com/player/219797/roger-martinez/20/159586","R. Martínez",25,180,86,"Colombia","Club América",74,79,7500000,44000,"ST","Right",4,3,"High/Medium",13300000,"","ST",9,"","2018-07-02",2023,81,72,62,75,35,73,NA,"Crowd Favourite",58,70,67,68,64,75,63,27,61,76,78,84,77,70,66,80,80,65,81,70,59,30,70,63,68,65,40,25,23
"55",239085,"https://sofifa.com/player/239085/erling-braut-haland/20/159586","E. Håland",18,194,87,"Norway","FC Red Bull Salzburg",73,85,6500000,12000,"ST","Left",3,3,"High/Medium",11100000,"","LS",30,"","2019-01-07",2023,81,70,55,72,35,80,NA,"Beat Offside Trap, Early Crosser",46,72,62,67,70,72,69,51,33,74,79,83,66,72,65,74,70,73,84,62,81,35,73,57,72,78,38,31,15
"56",234399,"https://sofifa.com/player/234399/johannes-eggestein/20/159586","J. Eggestein",21,183,75,"Germany","SV Werder Bremen",73,83,6500000,18000,"RW, ST","Right",4,3,"Medium/Medium",12400000,"","RW",24,"","2016-06-02",2022,72,71,67,76,40,57,NA,"",65,75,67,73,66,76,60,42,64,77,75,70,76,75,70,75,69,67,58,60,37,37,76,67,65,69,56,24,20
"57",241907,"https://sofifa.com/player/241907/diego-rossi/20/159586","D. Rossi",21,170,68,"Uruguay","Los Angeles FC",73,83,6500000,6000,"LW, ST, RW","Right",4,4,"High/Low",11100000,"","LW",9,"","2017-12-14",2020,82,71,65,76,28,55,NA,"Argues with Officials, Speed Dribbler (CPU AI Only), Crowd Favourite",62,73,44,70,69,75,70,34,57,74,83,82,83,69,84,73,58,71,50,67,45,21,73,72,57,68,37,18,28
"58",233732,"https://sofifa.com/player/233732/david-okereke/20/159586","D. Okereke",21,181,77,"Nigeria","Club Brugge KV",73,82,6500000,15000,"ST, RW","Right",4,4,"High/Medium",10400000,"#Speedster","ST",14,"","2019-07-09",2023,91,68,55,76,26,64,NA,"Selfish",43,74,68,70,56,76,40,31,33,74,90,91,85,70,69,68,81,69,66,56,48,17,70,68,62,71,31,17,15
"59",225289,"https://sofifa.com/player/225289/nicolas-fernandez/20/159586","N. Fernández",23,165,66,"Argentina","Defensa y Justicia",73,81,6000000,11000,"ST, LW","Right",4,3,"High/Low",10200000,"","LS",29,"","2013-04-08",2021,86,71,62,76,31,55,NA,"Injury Free",61,75,69,66,65,75,57,47,50,73,91,82,85,73,90,67,85,77,42,67,52,29,77,71,65,71,25,27,25
"60",237960,"https://sofifa.com/player/237960/mama-samba-balde/20/159586","Mama Baldé",23,181,75,"Guinea Bissau","Dijon FCO",73,81,6000000,12000,"RW, RM, RB","Right",3,3,"High/High",13200000,"","RW",17,"","2019-07-01",2022,89,70,64,73,65,76,NA,"Inflexible",66,71,72,67,68,73,73,39,63,72,87,91,75,75,68,79,82,78,71,66,83,67,74,63,48,66,61,65,63
"61",208306,"https://sofifa.com/player/208306/mariusz-stepinski/20/159586","M. Stępiński",24,183,72,"Poland","Chievo Verona",73,80,5500000,5000,"ST, CF","Right",3,3,"High/Medium",9900000,"","LS",9,"","2018-07-01",2021,71,70,59,71,37,64,NA,"",51,74,74,71,63,71,51,34,54,70,73,69,77,69,71,71,75,65,68,64,50,32,76,59,62,60,53,18,17
"62",213418,"https://sofifa.com/player/213418/chuba-akpom/20/159586","C. Akpom",23,186,81,"England","PAOK",73,80,5500000,1000,"ST","Right",3,3,"Medium/Medium",12700000,"","ST",47,"","2018-08-03",2021,84,70,54,70,28,70,NA,"",48,71,67,65,63,70,42,37,45,70,82,85,78,70,63,73,82,70,80,66,44,29,73,55,62,70,17,29,19
"63",216549,"https://sofifa.com/player/216549/alexander-sorloth/20/159586","A. Sørloth",23,194,90,"Norway","Trabzonspor",73,79,5500000,23000,"ST, RW, LW","Left",4,3,"High/Medium",NA,"#Strength","ST",11,"Crystal Palace","",2021,73,72,65,66,35,80,NA,"Selfish",69,73,73,67,69,68,68,51,60,70,67,77,52,66,56,77,62,77,87,67,72,36,74,64,70,73,39,21,21
"64",225653,"https://sofifa.com/player/225653/gyrano-kerk/20/159586","G. Kerk",23,175,68,"Netherlands","FC Utrecht",73,79,5500000,15000,"RW, ST","Right",2,3,"Medium/Medium",9400000,"#Speedster","RW",7,"","2013-04-27",2023,93,69,61,74,32,70,NA,"Early Crosser",65,73,59,64,66,74,62,34,56,72,93,93,84,71,75,72,76,77,70,63,59,32,71,62,52,70,38,21,20
"65",206518,"https://sofifa.com/player/206518/callum-robinson/20/159586","C. Robinson",24,178,75,"Republic of Ireland","Sheffield United",73,78,5500000,26000,"ST, LM","Right",3,3,"High/Medium",11400000,"","LS",11,"","2019-07-12",2023,85,72,65,74,34,60,NA,"Argues with Officials",69,76,63,65,59,74,57,55,52,73,86,84,82,71,68,70,47,65,65,68,46,25,74,73,61,68,47,21,21
"66",215202,"https://sofifa.com/player/215202/lucas-janson/20/159586","L. Janson",24,169,67,"Argentina","Vélez Sarsfield",73,78,5500000,12000,"ST, LM, LW","Right",3,4,"High/Medium",8700000,"","LW",11,"","2019-07-31",2023,80,72,65,79,31,59,NA,"Selfish, Crowd Favourite",59,76,58,71,69,79,52,48,58,77,79,80,85,73,85,65,87,69,49,69,63,27,78,73,69,67,32,24,26
"67",220287,"https://sofifa.com/player/220287/juan-dinenno/20/159586","J. Dinenno",24,186,84,"Argentina","Deportivo Cali",73,78,5500000,3000,"ST","Right",3,2,"High/Low",NA,"#Strength","ST",9,"Racing Club","",2019,67,73,55,63,26,74,NA,"Beat Offside Trap, Speed Dribbler (CPU AI Only)",44,77,79,60,67,62,56,60,48,70,64,70,57,66,44,76,77,72,86,64,46,21,76,59,68,66,25,15,21
"68",238224,"https://sofifa.com/player/238224/amaral-alves-marcos-vinicius/20/159586","Marcão",25,196,90,"Brazil","Hebei China Fortune FC",73,78,5500000,13000,"ST","Right",3,3,"Medium/Low",8900000,"#Strength","ST",10,"","2019-02-21",2022,67,71,45,65,28,80,NA,"",34,75,73,61,62,65,67,28,24,70,69,65,56,68,46,75,75,75,88,63,67,15,74,40,62,70,35,15,24
"69",240702,"https://sofifa.com/player/240702/roman-yaremchuk/20/159586","R. Yaremchuk",23,190,79,"Ukraine","KAA Gent",73,78,5500000,17000,"ST, LW","Right",3,3,"High/Medium",8700000,"","LS",7,"","2017-08-16",2021,74,70,66,69,45,72,NA,"Long Passer (CPU AI Only)",69,70,75,71,66,69,45,45,59,72,70,77,66,68,61,73,75,75,72,68,68,39,73,69,63,62,38,48,34
"70",246419,"https://sofifa.com/player/246419/yari-verschaeren/20/159586","Y. Verschaeren",17,172,63,"Belgium","RSC Anderlecht",72,87,6000000,2000,"CAM, RM, LM","Right",3,3,"High/High",12800000,"","RW",51,"","2017-07-17",2022,70,63,70,78,39,53,NA,"Crowd Favourite",72,60,39,71,59,77,70,56,70,78,71,70,87,66,86,67,70,74,43,72,48,37,62,69,49,71,41,38,35
"71",239978,"https://sofifa.com/player/239978/dennis-man/20/159586","D. Man",20,183,82,"Romania","FCSB (Steaua)",72,84,5500000,9000,"RM, RW","Left",2,3,"High/Low",8800000,"","RW",98,"","2016-09-05",2022,86,68,64,71,31,72,NA,"Crowd Favourite",66,73,63,66,57,71,64,56,54,73,86,86,73,65,57,71,80,68,75,60,68,17,76,67,43,72,23,38,32
"72",224422,"https://sofifa.com/player/224422/jeremie-boga/20/159586","J. Boga",22,174,72,"Ivory Coast","Sassuolo",72,82,5000000,28000,"LM, RM, ST","Right",3,3,"High/Low",10000000,"","LW",7,"","2018-07-21",2022,78,69,66,77,37,61,NA,"Beat Offside Trap, Early Crosser",70,65,59,65,59,79,73,64,63,75,79,77,80,66,78,80,62,56,65,73,56,41,71,65,55,60,24,42,34
"73",237544,"https://sofifa.com/player/237544/luca-vido/20/159586","L. Vido",22,182,75,"Italy","Crotone",72,82,5000000,3000,"ST, CF","Right",3,3,"Medium/Medium",NA,"","LS",11,"Atalanta","",2020,69,70,62,71,34,63,NA,"",61,73,73,66,60,72,62,64,57,70,68,69,71,71,65,74,76,67,67,62,47,29,71,57,72,67,40,22,21
"74",228738,"https://sofifa.com/player/228738/jhon-murillo/20/159586","J. Murillo",23,171,66,"Venezuela","CD Tondela",72,81,4800000,6000,"RW, ST, LW","Right",3,3,"High/Low",10800000,"#Speedster, #Acrobat","RW",15,"","2018-07-12",2022,92,67,57,77,30,48,NA,"Injury Free, Early Crosser",61,66,58,60,52,74,71,38,43,75,90,93,93,72,91,74,69,73,36,67,42,20,67,58,66,59,39,22,20
"75",215441,"https://sofifa.com/player/215441/serhou-guirassy/20/159586","S. Guirassy",23,187,82,"France","Amiens SC",72,80,4600000,13000,"ST, LW","Right",3,4,"Medium/Low",10200000,"","ST",9,"","2019-07-01",2022,71,68,59,73,36,71,NA,"Power Free-Kick, Selfish",54,72,70,66,64,74,56,67,47,75,68,73,68,61,65,72,73,58,77,56,70,29,73,60,67,64,37,29,34
"76",227642,"https://sofifa.com/player/227642/samuel-adegbenro/20/159586","S. Adegbenro",23,178,75,"Nigeria","Rosenborg BK",72,80,4600000,5000,"LW, RW, ST","Right",4,4,"High/Medium",6900000,"#Acrobat","LW",28,"","2017-08-15",2021,89,66,61,76,41,70,NA,"Selfish, Early Crosser, Crowd Favourite",63,67,63,60,59,75,61,63,51,72,90,89,91,65,92,67,76,74,70,66,64,26,70,66,59,71,48,44,23
"77",234333,"https://sofifa.com/player/234333/myziane-maolida/20/159586","M. Maolida",20,182,76,"France","OGC Nice",72,80,4600000,18000,"LW, ST","Right",4,4,"Medium/Low",10200000,"","LW",7,"","2018-08-13",2023,83,67,62,76,24,56,NA,"Crowd Favourite",55,70,57,68,61,78,61,41,57,74,81,84,79,65,76,69,62,60,61,60,39,24,72,68,61,71,21,17,21
"78",237283,"https://sofifa.com/player/237283/nicolas-reniero/20/159586","N. Reniero",24,183,79,"Argentina","Racing Club",72,79,4400000,14000,"ST, CAM, RM","Right",4,3,"High/High",7100000,"","RS",29,"","2019-08-12",2023,67,72,62,72,32,68,NA,"Argues with Officials",53,72,69,70,62,71,61,51,62,74,68,66,74,66,65,76,75,73,76,74,41,23,68,59,59,66,44,17,18
"79",219686,"https://sofifa.com/player/219686/carlos-alberto-carvalho-silva-jr/20/159586","Carlos Júnior",23,176,66,"Brazil","Santa Clara",72,78,4300000,5000,"LW, ST, CAM","Right",3,3,"Medium/Low",9800000,"","LW",13,"","2019-07-01",2021,73,70,65,77,30,48,NA,"Early Crosser",64,71,68,70,59,77,47,42,64,75,74,72,80,74,76,74,74,68,42,66,33,17,74,68,70,64,43,15,21
"80",222544,"https://sofifa.com/player/222544/efthymios-koulouris/20/159586","E. Koulouris",23,184,82,"Greece","Toulouse Football Club",72,78,4300000,19000,"ST","Right",3,3,"High/Low",9500000,"","ST",20,"","2019-07-01",2023,69,71,53,67,27,60,NA,"",39,76,74,60,68,65,52,38,58,71,66,72,65,68,64,70,65,66,69,66,30,14,76,53,54,70,38,13,18
"81",229948,"https://sofifa.com/player/229948/jack-harper/20/159586","J. Harper",23,186,78,"Scotland","AD Alcorcón",72,78,4300000,8000,"ST, CAM","Left",3,3,"High/High",NA,"","RS",9,"Getafe CF","",2020,76,73,60,70,32,67,NA,"Speed Dribbler (CPU AI Only)",60,77,62,65,64,70,54,52,54,72,75,76,71,65,63,74,67,75,67,64,56,29,73,57,68,60,31,27,24
"82",231433,"https://sofifa.com/player/231433/aitor-cantalapiedra/20/159586","Aitor",23,177,67,"Spain","FC Twente",72,78,4300000,8000,"RW","Left",3,3,"Medium/Medium",7200000,"","RW",7,"","2018-07-31",2020,81,65,68,74,28,54,NA,"Beat Offside Trap, Finesse Shot, Speed Dribbler (CPU AI Only), Crowd Favourite",69,72,42,67,58,74,78,72,59,73,82,80,82,63,75,51,40,68,49,64,51,28,65,72,67,63,30,24,22
"83",207559,"https://sofifa.com/player/207559/simon-tibbling/20/159586","S. Tibbling",24,175,74,"Sweden","Brøndby IF",72,77,4100000,13000,"CM, LW","Right",3,3,"High/High",5400000,"","LW",12,"","2017-07-21",2022,70,56,71,74,62,68,NA,"",69,56,58,74,44,72,67,43,72,73,72,68,80,73,81,59,36,81,68,55,60,68,62,74,52,73,62,63,51
"84",227890,"https://sofifa.com/player/227890/nuno-miguel-gomes-dos-santos/20/159586","Nuno Santos",24,179,73,"Portugal","Rio Ave FC",72,77,4200000,7000,"LW, RW","Left",3,4,"High/Medium",9000000,"","RW",11,"","2017-07-01",2022,78,70,68,75,33,56,NA,"Selfish, Argues with Officials",73,64,57,67,68,76,77,72,62,74,82,75,77,76,72,81,56,35,63,71,67,41,70,65,71,64,34,22,26
"85",228171,"https://sofifa.com/player/228171/christopher-ikonomidis/20/159586","C. Ikonomidis",24,180,73,"Australia","Perth Glory",72,77,4200000,6000,"ST, LW","Right",4,3,"High/Medium",5600000,"","LS",19,"","2018-09-11",2021,82,70,68,77,51,66,NA,"",69,72,58,70,66,77,68,60,66,76,84,81,85,72,71,71,55,77,64,68,60,49,71,69,58,69,52,49,52
"86",234924,"https://sofifa.com/player/234924/adama-diakhaby/20/159586","A. Diakhaby",22,184,74,"France","Huddersfield Town",72,77,4200000,23000,"RW, LW","Left",2,3,"High/Medium",8200000,"","RW",11,"","2018-07-20",2021,87,69,64,73,23,54,NA,"Selfish, Early Crosser",65,71,72,72,61,76,54,39,55,67,88,87,81,72,63,71,70,59,58,61,32,14,71,63,71,63,22,17,16
"87",237340,"https://sofifa.com/player/237340/carlos-antonio-de-souza-junior/20/159586","Carlinhos",24,176,74,"Brazil","FC Lugano",72,77,4200000,7000,"ST, LW, LM","Right",4,4,"High/Medium",6400000,"","LS",11,"","2017-01-01",2021,87,68,61,75,29,67,NA,"Selfish, Finesse Shot, Crowd Favourite",55,72,58,66,68,76,66,57,53,76,89,86,75,66,76,66,47,79,70,65,48,25,69,65,50,62,34,20,18
"88",225668,"https://sofifa.com/player/225668/karlan-grant/20/159586","K. Grant",21,183,70,"England","Huddersfield Town",71,82,4100000,18000,"ST","Right",3,3,"High/Medium",8700000,"","ST",16,"","2019-01-30",2022,88,69,49,68,36,60,NA,"",38,71,61,64,61,68,39,35,31,68,86,89,71,69,60,69,72,68,64,68,35,25,70,53,65,58,53,23,24
"89",241130,"https://sofifa.com/player/241130/ignatius-ganago/20/159586","I. Ganago",20,176,78,"Cameroon","OGC Nice",71,81,3900000,16000,"ST, LW","Right",3,3,"Medium/Medium",8600000,"","RW",14,"","2018-07-01",2022,78,70,52,69,34,66,NA,"Power Free-Kick",49,71,65,63,60,71,51,40,40,70,77,79,63,59,70,78,65,62,75,66,48,45,67,48,66,65,39,17,14
"90",241162,"https://sofifa.com/player/241162/joseph-paintsil/20/159586","J. Paintsil",21,167,68,"Ghana","KRC Genk",71,80,3700000,9000,"LW, RW","Right",3,3,"High/Medium",6300000,"#Acrobat","LW",11,"","2018-07-01",2022,84,63,60,77,32,63,NA,"Selfish, Early Crosser",58,61,39,66,53,76,65,38,55,72,89,79,90,73,90,65,62,81,60,70,47,31,71,60,48,70,32,28,37
"91",245240,"https://sofifa.com/player/245240/joao-diogo-alves-rodrigues/20/159586","Kikas",20,177,71,"Portugal","Os Belenenses",71,80,3700000,4000,"ST","Right",3,3,"High/Medium",8600000,"","ST",9,"","2018-07-01",2021,76,69,54,71,22,66,NA,"",40,72,63,61,59,69,55,44,52,71,77,76,75,69,75,76,68,76,68,59,49,12,69,60,67,67,19,18,17
"92",236555,"https://sofifa.com/player/236555/guilherme-schettine-guimaraes/20/159586","Guilherme Schettine",23,180,78,"Brazil","Santa Clara",71,79,3500000,4000,"ST","Right",3,3,"Medium/Low",8100000,"","ST",95,"","2017-07-01",2020,67,72,59,69,25,66,NA,"",50,73,71,68,71,69,65,68,46,69,68,67,69,71,62,76,66,77,69,66,45,19,67,57,71,62,22,16,22
"93",225652,"https://sofifa.com/player/225652/george-puscas/20/159586","G. Pușcaș",23,188,78,"Romania","Reading",71,78,3400000,14000,"ST","Right",3,3,"Medium/Medium",7100000,"","ST",47,"","2019-08-07",2024,68,68,51,70,36,71,NA,"",47,70,71,53,68,70,62,62,43,70,69,68,65,69,71,77,65,65,78,55,62,28,74,52,69,71,29,39,28
"94",234376,"https://sofifa.com/player/234376/lourency-n-rodrigues/20/159586","Lourency",23,174,74,"Brazil","Gil Vicente FC",71,78,3300000,7000,"RW, LW","Right",4,4,"High/Low",7500000,"","RW",7,"","2019-07-01",2020,75,70,66,75,44,66,NA,"Selfish, Crowd Favourite",67,68,55,68,71,74,72,71,61,72,77,74,82,74,80,80,60,77,62,65,64,29,72,64,71,77,65,32,36
"95",235706,"https://sofifa.com/player/235706/murilo-oliveira-de-freitas/20/159586","Murilo",23,176,66,"Brazil","FC Paços de Ferreira",71,78,3300000,7000,"LW, RW","Left",2,4,"Medium/Medium",7500000,"","RW",77,"","2016-07-01",2021,77,67,62,77,30,62,NA,"",64,65,43,66,53,77,73,55,48,76,79,76,78,73,75,77,59,66,59,62,63,23,67,64,71,73,27,34,31
"96",213839,"https://sofifa.com/player/213839/baptiste-guillaume/20/159586","B. Guillaume",24,189,77,"Belgium","Valenciennes FC",71,77,3300000,5000,"ST","Right",4,3,"Medium/High",NA,"","LS",18,"Angers SCO","",2020,56,68,57,71,31,67,NA,"",58,72,73,68,58,72,36,29,51,75,64,50,68,65,56,72,67,60,77,58,49,19,73,52,59,67,41,18,22
"97",222590,"https://sofifa.com/player/222590/mauro-manotas/20/159586","M. Manotas",23,181,66,"Colombia","Houston Dynamo",71,77,3300000,6000,"ST, LW","Right",2,3,"High/Low",5400000,"","ST",9,"","2015-05-13",2021,73,70,57,69,33,67,NA,"",49,74,65,68,62,69,43,39,51,69,72,73,72,69,72,75,69,72,61,59,73,27,75,57,69,66,29,31,27
"98",226380,"https://sofifa.com/player/226380/hee-chan-hwang/20/159586","Hwang Hee Chan",23,177,77,"Korea Republic","FC Red Bull Salzburg",71,77,3300000,21000,"ST, LM, RM","Right",3,3,"High/Medium",5600000,"#Speedster","RS",9,"","2015-01-01",2021,91,66,61,75,28,66,NA,"Crowd Favourite",58,68,58,65,61,72,58,44,55,74,92,91,89,72,82,69,71,72,67,59,57,22,71,64,60,64,28,23,24
"99",245733,"https://sofifa.com/player/245733/hendrik-weydandt/20/159586","H. Weydandt",23,195,94,"Germany","Hannover 96",71,77,3300000,18000,"ST","Right",4,2,"High/Medium",5900000,"#Aerial Threat, #Strength","RS",26,"","2018-07-01",2020,73,67,45,57,33,80,NA,"",30,75,78,54,67,58,36,33,34,62,64,81,47,66,35,71,69,69,93,48,65,24,72,56,50,55,23,36,28
"100",212223,"https://sofifa.com/player/212223/sean-maguire/20/159586","S. Maguire",25,175,68,"Republic of Ireland","Preston North End",71,76,3200000,19000,"ST, LM","Right",3,3,"High/Medium",6300000,"#Speedster","ST",24,"","2017-07-24",2020,92,65,52,74,38,65,NA,"",48,72,67,58,56,73,36,33,40,71,93,91,88,64,85,63,70,76,65,53,52,28,73,62,66,67,50,28,22
"101",226777,"https://sofifa.com/player/226777/cyle-larin/20/159586","C. Larin",24,187,92,"Canada","SV Zulte-Waregem",71,76,3200000,10000,"ST","Right",4,3,"High/Low",NA,"#Strength","ST",9,"Beşiktaş JK","",2020,68,72,44,62,26,75,NA,"",35,74,75,58,58,65,43,22,21,61,65,71,63,66,38,81,64,66,87,66,61,22,70,52,63,61,21,18,20
"102",235842,"https://sofifa.com/player/235842/andrea-pinamonti/20/159586","A. Pinamonti",20,188,72,"Italy","Genoa",70,86,3900000,8000,"ST","Right",3,3,"Medium/Medium",NA,"","LS",99,"Inter","",2020,64,70,45,67,22,63,NA,"",40,73,70,53,72,64,43,47,36,74,66,63,64,67,64,68,64,62,68,67,52,16,70,45,69,60,15,19,19
"103",239956,"https://sofifa.com/player/239956/myron-boadu/20/159586","M. Boadu",18,180,65,"Netherlands","AZ Alkmaar",70,86,3700000,3000,"ST","Right",4,3,"High/Medium",7900000,"","ST",9,"","2017-07-01",2023,85,67,51,74,28,62,NA,"Speed Dribbler (CPU AI Only)",37,69,59,62,62,73,43,39,45,72,86,84,86,74,74,71,86,67,64,59,44,23,66,53,65,68,29,22,18
"104",245149,"https://sofifa.com/player/245149/jan-hurtado/20/159586","J. Hurtado",19,183,71,"Venezuela","Boca Juniors",70,86,3800000,8000,"ST","Right",3,4,"High/Low",7800000,"","ST",17,"","2019-07-11",2023,83,68,60,72,24,68,NA,"",52,67,53,66,55,74,46,35,61,70,85,81,70,68,62,71,69,73,73,68,49,22,73,67,76,62,27,15,20
"105",230800,"https://sofifa.com/player/230800/rey-manaj/20/159586","R. Manaj",22,182,76,"Albania","Albacete BP",70,81,3100000,5000,"ST","Right",4,3,"Medium/Medium",5500000,"","LS",22,"","2019-07-01",2024,70,68,53,68,29,69,NA,"",43,70,67,66,62,66,42,57,46,72,72,69,60,68,76,69,68,65,75,62,58,12,72,49,72,67,46,14,21
"106",231864,"https://sofifa.com/player/231864/mitchell-van-bergen/20/159586","M. van Bergen",19,170,62,"Netherlands","SC Heerenveen",70,81,3000000,4000,"RW","Right",5,3,"High/Medium",4900000,"#Speedster, #Acrobat","RW",11,"","2018-08-31",2022,90,67,60,73,25,51,NA,"Early Crosser, Crowd Favourite",65,67,34,60,59,72,73,54,53,70,94,87,92,62,82,69,52,72,40,76,51,23,60,57,42,64,28,21,23
"107",236836,"https://sofifa.com/player/236836/orji-okwonkwo/20/159586","O. Okwonkwo",21,173,72,"Nigeria","Montreal Impact",70,80,2900000,4000,"RW, ST, LW","Right",3,3,"High/High",NA,"","RW",18,"Bologna","",2019,90,66,63,70,49,70,NA,"Early Crosser",64,63,53,68,65,71,68,58,53,68,88,91,78,64,66,74,53,68,73,66,69,34,64,61,60,61,56,56,30
"108",237994,"https://sofifa.com/player/237994/nahuel-barrios/20/159586","N. Barrios",21,156,58,"Argentina","San Lorenzo de Almagro",70,80,2900000,8000,"LM, CAM, LW","Right",3,3,"High/Low",4900000,"","RW",28,"","2017-01-01",2022,76,63,67,72,40,38,NA,"Finesse Shot, Crowd Favourite",63,63,47,73,51,73,63,45,65,70,84,70,70,65,94,65,63,51,28,64,42,26,66,67,57,65,44,40,51
"109",239441,"https://sofifa.com/player/239441/jordi-mboula-queralt/20/159586","Jordi Mboula",20,183,74,"Spain","KSV Cercle Brugge",70,80,2900000,7000,"RW, RM","Right",4,4,"Medium/Medium",NA,"","RW",17,"AS Monaco","",2020,86,66,62,73,32,62,NA,"Early Crosser",64,67,53,65,61,74,55,53,59,71,84,87,77,62,69,68,51,66,71,62,39,24,65,60,64,71,32,30,28
"110",230717,"https://sofifa.com/player/230717/tino-kadewere/20/159586","T. Kadewere",23,183,72,"Zimbabwe","Le Havre AC",70,78,2700000,5000,"ST","Right",3,3,"High/Medium",5200000,"","LS",11,"","2018-07-27",2022,82,68,61,70,37,68,NA,"Selfish",51,72,58,68,61,70,47,32,57,69,83,81,79,62,74,66,75,71,70,64,55,30,69,72,70,63,34,39,35
"111",232709,"https://sofifa.com/player/232709/damian-batallini/20/159586","D. Batallini",23,174,74,"Argentina","Argentinos Juniors",70,78,2600000,7000,"RW, LW, LM","Left",2,3,"Medium/Medium",4400000,"","RW",10,"","2016-01-01",2021,77,64,62,73,55,70,NA,"",66,70,61,62,46,74,45,44,59,72,79,75,74,61,69,69,65,68,71,52,70,52,72,70,49,68,61,50,51
"112",238180,"https://sofifa.com/player/238180/claudio-spinelli/20/159586","C. Spinelli",22,180,82,"Argentina","Gimnasia y Esgrima La Plata",70,78,2700000,8000,"ST","Right",2,3,"Medium/Medium",NA,"","RS",8,"Genoa","",2020,67,68,56,69,26,63,NA,"",51,74,68,64,62,68,47,34,52,73,69,65,73,63,53,69,74,63,74,59,31,17,72,57,52,66,28,17,19
"113",240131,"https://sofifa.com/player/240131/gabriel-airton-de-souza/20/159586","Gabrielzinho",23,171,64,"Brazil","Rio Ave FC",70,78,2600000,6000,"RW, LW","Right",3,4,"High/Medium",6000000,"#Acrobat","LW",70,"","2017-07-25",2022,89,59,59,76,36,55,NA,"Early Crosser, Crowd Favourite",64,56,62,65,52,75,48,44,43,73,86,91,90,68,89,76,64,73,43,48,58,21,65,61,60,73,21,51,42
"114",241923,"https://sofifa.com/player/241923/vagner-jose-dias-goncalves/20/159586","Vagner",23,169,67,"Cape Verde","AS Nancy Lorraine",70,78,2600000,4000,"LW, RW, ST","Right",3,4,"High/Medium",NA,"","LS",27,"AS Saint-Étienne","",2020,88,66,61,72,29,52,NA,"Injury Free",61,66,49,63,63,71,61,65,53,70,92,85,83,66,86,67,58,72,47,65,37,24,66,64,64,59,21,34,27
"115",246242,"https://sofifa.com/player/246242/boulaye-dia/20/159586","B. Dia",22,180,75,"France","Stade de Reims",70,78,2700000,15000,"ST","Right",3,3,"Medium/High",5800000,"","ST",11,"","2018-07-13",2022,72,68,49,69,26,67,NA,"Power Free-Kick",36,71,66,62,61,71,48,42,41,68,69,74,65,61,63,70,66,57,77,62,53,22,70,46,64,54,28,17,14
"116",225270,"https://sofifa.com/player/225270/ignacio-jeraldino/20/159586","I. Jeraldino",23,181,79,"Chile","Audax Italiano",70,77,2500000,4000,"ST","Right",4,2,"High/Low",3900000,"","RS",20,"","2019-01-01",2024,69,68,47,65,27,65,NA,"",38,72,71,54,52,64,51,48,40,69,70,68,57,71,60,71,83,65,74,59,36,18,73,49,70,64,32,17,17
"117",229728,"https://sofifa.com/player/229728/florian-kamberi/20/159586","F. Kamberi",24,189,86,"Switzerland","Hibernian",70,77,2500000,5000,"ST, LM","Right",3,3,"Medium/Low",4900000,"","ST",22,"","2018-06-26",2021,77,67,62,68,37,78,NA,"",59,68,72,68,64,70,62,42,55,66,74,79,68,62,68,77,73,74,82,56,74,21,65,64,73,58,40,38,22
"118",235927,"https://sofifa.com/player/235927/pablo-cuadra/20/159586","P. Cuadra",24,165,62,"Argentina","Unión de Santa Fe",70,77,2500000,8000,"ST, LM","Left",5,4,"High/Medium",NA,"#Speedster","RS",7,"Racing Club","",2019,91,66,58,77,24,61,NA,"",40,67,63,63,54,78,53,45,60,71,92,91,86,62,91,71,67,63,70,60,32,18,63,68,66,62,22,21,16
"119",224013,"https://sofifa.com/player/224013/sergi-canos-tenes/20/159586","Sergi Canós",22,175,75,"Spain","Brentford",70,76,2400000,22000,"RW, LW","Right",3,3,"High/Medium",5100000,"","RW",7,"","2017-01-31",2022,72,67,63,73,51,64,NA,"Injury Free, Selfish, Argues with Officials",67,68,51,64,56,73,54,55,53,69,74,70,78,67,84,70,52,56,65,68,75,56,69,71,55,62,45,55,50
"120",227040,"https://sofifa.com/player/227040/sam-cosgrove/20/159586","S. Cosgrove",22,188,82,"England","Aberdeen",70,76,2500000,5000,"ST","Right",3,2,"High/Low",4800000,"","ST",16,"","2018-01-31",2022,65,70,49,61,29,83,NA,"",31,72,78,58,55,60,42,38,54,63,61,68,62,66,61,75,88,68,89,63,85,14,70,53,74,67,21,30,29
"121",231050,"https://sofifa.com/player/231050/jaime-baez/20/159586","J. Báez",24,178,74,"Uruguay","Cosenza",70,76,2400000,2000,"LW, ST, RW","Right",3,3,"High/Medium",4300000,"","RW",58,"","2019-08-02",2022,74,65,66,73,31,55,NA,"Selfish, Early Crosser",70,65,64,69,57,75,64,69,62,70,74,74,75,69,73,69,73,67,52,64,42,12,65,60,68,57,45,22,22
"122",212943,"https://sofifa.com/player/212943/mauro-caballero/20/159586","M. Caballero",24,175,65,"Paraguay","Unión Española",70,75,2400000,4000,"ST","Left",4,3,"Medium/Medium",3400000,"","RS",9,"","2019-01-23",2019,72,67,56,65,27,64,NA,"Long Passer (CPU AI Only)",59,71,75,60,61,64,51,40,47,63,76,69,70,69,72,69,92,52,79,56,36,21,72,57,70,58,23,21,18
"123",236287,"https://sofifa.com/player/236287/nicolas-ibanez/20/159586","N. Ibáñez",24,178,76,"Argentina","Atlético de San Luis",70,75,2400000,8000,"ST","Right",3,2,"Medium/Medium",4300000,"","RS",9,"","2018-01-09",2022,74,68,54,65,33,69,NA,"",39,70,70,61,64,63,58,41,58,64,73,74,70,67,72,71,77,73,71,63,55,18,72,58,59,63,45,22,21
"124",239303,"https://sofifa.com/player/239303/yusupha-njie/20/159586","Y. Njie",25,188,72,"Gambia","Boavista FC",70,75,2400000,4000,"ST, RM","Right",3,3,"High/Medium",5200000,"","ST",11,"","2018-07-01",2021,76,67,55,67,40,70,NA,"Early Crosser",54,68,66,60,57,66,65,36,38,69,75,76,65,69,59,73,60,74,73,61,58,39,69,60,60,74,44,33,29
"125",246469,"https://sofifa.com/player/246469/agustin-urzi/20/159586","A. Urzi",19,168,64,"Argentina","Club Atlético Banfield",69,87,2300000,4000,"LM, CM","Right",2,3,"Medium/Medium",4800000,"","RW",35,"","2018-11-30",2021,88,59,59,73,36,52,NA,"Early Crosser",66,59,42,62,58,73,58,42,48,72,85,90,77,58,84,65,43,71,51,55,35,29,61,58,55,62,44,31,32
"126",227903,"https://sofifa.com/player/227903/maximiliano-romero/20/159586","M. Romero",20,179,72,"Argentina","Vélez Sarsfield",69,83,2300000,6000,"ST","Right",5,3,"Medium/Low",NA,"","ST",19,"PSV","",2020,76,70,49,65,27,69,NA,"Power Free-Kick",45,72,66,55,73,63,44,42,43,68,75,77,68,62,66,76,83,70,73,65,53,23,65,52,59,66,25,21,19
"127",246973,"https://sofifa.com/player/246973/ricardo-marquez/20/159586","R. Márquez",21,184,83,"Colombia","Unión Magdalena",69,83,2300000,1000,"ST","Right",3,2,"Medium/Medium",4600000,"","ST",21,"","2018-03-01",2020,69,68,53,64,26,61,NA,"",51,72,75,64,59,63,38,25,48,68,70,69,63,56,59,67,70,51,69,59,50,21,70,52,72,54,30,15,11
"128",239592,"https://sofifa.com/player/239592/jose-juan-macias/20/159586","J. Macías",19,177,73,"Mexico","Club León",69,82,2000000,9000,"ST","Right",4,3,"High/Medium",NA,"","ST",21,"Guadalajara","",2019,72,69,55,67,23,55,NA,"Injury Free",45,72,66,68,60,68,50,45,42,67,71,73,65,62,74,70,61,56,60,62,40,13,68,55,72,62,21,19,20
"129",238274,"https://sofifa.com/player/238274/florinel-coman/20/159586","F. Coman",21,182,72,"Romania","FCSB (Steaua)",69,80,1800000,6000,"LM, LW","Right",3,4,"High/Low",2900000,"","LW",7,"","2017-08-01",2022,80,66,61,74,28,61,NA,"Selfish, Crowd Favourite",62,63,45,62,47,73,66,56,55,72,81,80,86,62,78,76,70,69,64,68,43,24,64,65,58,67,31,23,27
"130",232225,"https://sofifa.com/player/232225/janni-serra/20/159586","J. Serra",21,193,87,"Germany","Holstein Kiel",69,79,1700000,6000,"ST","Left",4,2,"Medium/High",3000000,"","RW",23,"","2018-07-01",2021,59,69,46,58,37,74,NA,"Long Passer (CPU AI Only)",41,69,74,57,68,57,43,28,28,65,53,63,48,62,34,76,64,62,85,62,65,23,71,49,61,49,35,38,33
"131",238050,"https://sofifa.com/player/238050/chidera-ejuke/20/159586","C. Ejuke",21,176,72,"Nigeria","SC Heerenveen",69,79,1700000,4000,"LW, RW","Right",3,4,"High/High",2800000,"#Acrobat","LW",8,"","2019-07-15",2023,88,61,56,74,37,59,NA,"Injury Free, Beat Offside Trap, Crowd Favourite",61,63,41,58,48,74,61,36,47,69,93,83,92,59,88,65,51,75,59,59,40,31,64,60,49,63,40,37,31
"132",241026,"https://sofifa.com/player/241026/tomas-chancalay/20/159586","T. Chancalay",20,179,74,"Argentina","Club Atlético Colón",69,79,1700000,6000,"LW, ST, RW","Right",3,3,"High/Medium",2900000,"","LW",12,"","2017-02-10",2020,80,63,63,74,37,61,NA,"",62,65,54,64,60,75,67,50,62,71,78,81,83,62,69,62,61,69,60,60,52,43,65,63,58,69,33,33,32
"133",241522,"https://sofifa.com/player/241522/jonas-wind/20/159586","J. Wind",20,190,82,"Denmark","FC København",69,78,1700000,8000,"ST","Right",3,3,"Medium/Medium",2500000,"","RS",23,"","2016-07-01",2023,67,65,54,66,30,74,NA,"Selfish",35,68,65,67,61,67,54,41,45,67,66,67,59,68,64,67,69,68,81,58,65,19,69,60,62,64,32,27,19
"134",244935,"https://sofifa.com/player/244935/blessing-eleke/20/159586","B. Eleke",23,190,88,"Nigeria","FC Luzern",69,78,1600000,7000,"ST, RM","Right",3,3,"Medium/Medium",2700000,"","ST",10,"","2018-07-27",2022,66,69,51,64,44,77,NA,"Argues with Officials, Early Crosser",47,71,70,52,66,59,53,35,49,71,63,68,63,59,75,68,75,71,83,66,70,44,70,58,74,72,38,42,40
"135",224487,"https://sofifa.com/player/224487/eamonn-brophy/20/159586","E. Brophy",23,174,68,"Scotland","Kilmarnock",69,77,1600000,4000,"ST, RW","Right",3,3,"High/Medium",3100000,"","ST",9,"","2017-08-18",2021,77,69,62,68,31,74,NA,"Argues with Officials",53,70,62,68,58,66,72,70,48,68,79,75,80,59,74,72,85,78,74,68,64,38,65,68,72,61,23,27,23
"136",246690,"https://sofifa.com/player/246690/adam-bareiro/20/159586","A. Bareiro",22,184,84,"Paraguay","San Lorenzo de Almagro",69,77,1600000,9000,"ST","Right",3,3,"High/Medium",NA,"","ST",7,"Monterrey","",2020,69,67,48,67,22,63,NA,"Selfish, Outside Foot Shot",34,72,68,55,53,68,45,38,48,70,68,70,59,62,62,61,66,59,78,65,32,13,71,54,69,67,21,16,15
"137",228568,"https://sofifa.com/player/228568/patrick-joosten/20/159586","P. Joosten",23,180,66,"Netherlands","FC Utrecht",69,76,1500000,9000,"LW, ST","Right",3,4,"High/Low",2500000,"","LW",19,"","2015-06-01",2020,81,69,64,71,35,59,NA,"Argues with Officials, Early Crosser, Speed Dribbler (CPU AI Only)",72,63,52,62,67,69,76,73,53,72,83,80,81,66,66,82,54,69,58,76,50,38,59,62,55,65,34,32,28
"138",235513,"https://sofifa.com/player/235513/silvere-ganvoula/20/159586","S. Ganvoula",23,191,85,"Congo","VfL Bochum 1848",69,76,1500000,9000,"ST","Right",4,2,"High/Medium",2700000,"#Strength","ST",35,"","2019-07-05",2023,70,69,48,57,27,75,NA,"Long Passer (CPU AI Only)",36,70,73,63,60,56,51,31,23,58,68,71,58,61,53,75,69,62,86,64,65,21,68,58,60,62,23,21,18
"139",213699,"https://sofifa.com/player/213699/ashley-fletcher/20/159586","A. Fletcher",23,188,78,"England","Middlesbrough",69,75,1500000,15000,"ST, LW","Right",2,3,"Medium/Medium",3100000,"","LW",11,"","2017-07-28",2021,74,66,44,68,29,69,NA,"",23,68,73,59,51,69,44,23,38,65,71,77,75,66,56,72,71,65,72,65,65,22,66,49,52,62,17,32,23
"140",215487,"https://sofifa.com/player/215487/gustav-engvall/20/159586","G. Engvall",23,184,85,"Sweden","KV Mechelen",69,75,1500000,7000,"ST","Right",3,3,"High/Medium",2400000,"","RS",20,"","2018-07-01",2020,73,67,52,68,31,74,NA,"",45,70,61,57,57,68,52,48,45,72,67,77,63,64,60,72,67,75,76,57,67,22,72,57,58,70,25,36,21
"141",215965,"https://sofifa.com/player/215965/carlos-strandberg/20/159586","C. Strandberg",23,185,85,"Sweden","Örebro SK",69,75,1500000,3000,"ST","Left",2,2,"Low/Low",NA,"#Strength","LS",99,"Malmö FF","",2019,81,67,53,60,25,77,NA,"Injury Free",50,66,57,59,64,63,42,31,46,61,72,88,41,67,50,78,75,66,90,61,58,13,68,59,57,66,23,26,16
"142",222693,"https://sofifa.com/player/222693/hector-fertoli/20/159586","H. Fertoli",24,174,63,"Argentina","San Lorenzo de Almagro",69,75,1400000,8000,"LM, RM, RW","Right",3,3,"Medium/Medium",2400000,"","LW",26,"","2019-01-21",2021,86,61,62,72,41,61,NA,"",68,61,49,67,60,73,56,40,53,68,87,85,85,57,76,66,69,62,62,55,55,33,68,63,60,64,42,45,38
"143",237574,"https://sofifa.com/player/237574/samuel-tetteh/20/159586","S. Tetteh",22,180,68,"Ghana","LASK Linz",69,75,1500000,6000,"ST, LW","Right",3,2,"Medium/Medium",NA,"","LW",20,"FC Red Bull Salzburg","",2020,81,66,59,73,22,55,NA,"",59,67,58,65,63,74,58,62,46,70,78,84,78,68,71,74,65,66,58,58,31,15,65,56,57,60,20,20,14
"144",242998,"https://sofifa.com/player/242998/joao-klauss-de-mello/20/159586","Klauss",22,190,85,"Brazil","LASK Linz",69,75,1500000,6000,"ST","Right",3,3,"Medium/Medium",NA,"","ST",9,"TSG 1899 Hoffenheim","",2020,63,67,60,64,29,68,NA,"",58,67,70,65,58,66,43,55,61,65,61,64,57,68,50,71,67,68,81,63,36,17,69,60,65,57,28,26,22
"145",213949,"https://sofifa.com/player/213949/kwasi-okyere-wriedt/20/159586","K. Wriedt",24,188,82,"Ghana","Bayern München II",69,74,1400000,3000,"ST","Left",4,3,"Medium/Medium",2200000,"","ST",10,"","2018-08-01",2020,76,67,56,67,30,72,NA,"",60,70,59,63,61,69,60,64,33,64,74,77,68,65,64,71,56,65,80,59,65,21,66,56,63,63,31,27,21
"146",223790,"https://sofifa.com/player/223790/sheraldo-becker/20/159586","S. Becker",24,180,75,"Netherlands","1. FC Union Berlin",69,74,1400000,16000,"RW","Right",2,3,"Medium/Low",2600000,"#Speedster","RW",27,"","2019-07-01",2023,92,65,59,69,31,67,NA,"Early Crosser",63,62,52,61,57,70,62,47,56,67,91,93,74,65,73,74,70,71,70,63,53,31,66,57,64,62,21,32,33
"147",227617,"https://sofifa.com/player/227617/lamin-jallow/20/159586","L. Jallow",24,185,80,"Gambia","US Salernitana 1919",69,74,1400000,2000,"ST, RW, LW","Right",3,3,"High/Low",2400000,"","LS",10,"","2019-02-05",2023,88,68,61,72,31,69,NA,"Injury Free, Early Crosser",63,74,48,67,60,74,54,43,57,69,90,87,79,53,72,70,59,72,72,55,61,31,67,58,67,60,26,30,31
"148",242162,"https://sofifa.com/player/242162/hakon-evjen/20/159586","H. Evjen",19,180,70,"Norway","FK Bodø/Glimt",68,83,1900000,2000,"RW","Left",2,4,"High/High",3600000,"","RW",26,"","2017-08-07",2021,81,61,60,71,54,56,NA,"",59,59,39,63,57,70,68,54,51,68,84,79,89,65,72,61,55,80,45,66,54,37,66,60,50,67,55,64,66
"149",240475,"https://sofifa.com/player/240475/leonardo-candellone/20/159586","L. Candellone",21,186,80,"Italy","Pordenone",68,81,1700000,1000,"ST, LW","Right",4,3,"High/Low",NA,"","RS",27,"Torino","",2020,67,67,59,62,30,74,NA,"",60,65,69,62,63,64,64,55,55,63,65,68,52,64,53,74,53,86,82,65,45,27,70,55,69,57,18,29,32
"150",241508,"https://sofifa.com/player/241508/mikkel-damsgaard/20/159586","M. Damsgaard",18,180,65,"Denmark","FC Nordsjælland",68,80,1500000,2000,"CF, CM, LW","Right",3,4,"Medium/Medium",2200000,"","CF",27,"","2017-11-26",2022,80,59,67,73,45,62,NA,"Early Crosser, Crowd Favourite",62,61,51,70,48,74,65,42,66,70,82,79,73,64,80,60,67,72,56,56,62,43,67,72,47,67,47,44,38
"151",231353,"https://sofifa.com/player/231353/emmanuel-iyoha/20/159586","E. Iyoha",21,191,86,"Germany","Holstein Kiel",68,79,1600000,5000,"ST, LM","Right",3,3,"Medium/Low",NA,"","LW",19,"Fortuna Düsseldorf","",2020,78,65,53,70,20,64,NA,"Injury Free",58,66,49,58,59,72,61,40,43,68,71,84,72,69,60,71,60,75,72,61,31,16,72,46,56,66,21,13,13
"152",212228,"https://sofifa.com/player/212228/ivan-toney/20/159586","I. Toney",23,179,70,"England","Peterborough United",68,77,1400000,5000,"ST","Right",3,3,"Medium/Medium",2700000,"","LS",17,"","2018-08-09",2021,74,64,53,67,40,73,NA,"Early Crosser",42,68,66,61,59,65,41,38,53,65,75,74,84,64,69,66,89,71,71,54,75,49,68,55,63,63,20,46,41
"153",239378,"https://sofifa.com/player/239378/kaj-sierhuis/20/159586","K. Sierhuis",21,180,84,"Netherlands","FC Groningen",68,77,1400000,4000,"ST","Right",3,2,"High/High",NA,"","ST",9,"Ajax","",2020,58,72,51,58,29,73,NA,"",40,74,68,58,68,55,59,52,44,63,52,62,53,59,72,75,47,74,80,66,62,20,69,55,70,61,36,19,15
"154",239907,"https://sofifa.com/player/239907/raphael-dwamena/20/159586","R. Dwamena",23,186,81,"Ghana","Real Zaragoza",68,77,1400000,4000,"ST, RW","Left",3,3,"Medium/Medium",NA,"","ST",11,"Levante UD","",2020,78,67,58,67,21,73,NA,"",56,69,61,62,54,68,66,42,44,65,74,82,69,65,64,69,63,68,87,65,47,25,62,64,66,73,12,13,20
"155",213905,"https://sofifa.com/player/213905/sam-gallagher/20/159586","S. Gallagher",23,193,75,"England","Blackburn Rovers",68,76,1300000,9000,"ST","Right",3,2,"High/Medium",2800000,"","ST",9,"","2019-07-13",2023,63,68,53,64,44,70,NA,"",63,68,75,50,71,67,54,43,48,61,58,67,62,67,52,76,67,65,75,61,66,44,66,55,61,59,38,41,43
"156",228378,"https://sofifa.com/player/228378/antonino-la-gumina/20/159586","A. La Gumina",23,182,78,"Italy","Empoli",68,76,1300000,2000,"ST","Right",3,3,"High/High",2400000,"","RS",20,"","2018-07-07",2023,77,66,57,68,38,68,NA,"",55,64,65,59,63,68,62,57,50,66,78,76,71,68,74,70,65,61,71,64,70,31,68,58,68,63,50,27,22
"157",234826,"https://sofifa.com/player/234826/antonio-martinez-lopez/20/159586","Toni Martínez",22,187,84,"Spain","Famalicão",68,76,1300000,5000,"ST","Right",3,3,"Medium/Medium",3100000,"","ST",19,"","2019-07-22",2022,63,68,49,62,24,65,NA,"",42,69,65,57,63,61,47,31,43,66,58,67,58,67,54,76,65,54,72,62,60,23,68,51,64,55,20,14,23
"158",244205,"https://sofifa.com/player/244205/maximiliano-salas/20/159586","M. Salas",21,173,80,"Argentina","Club Necaxa",68,76,1300000,4000,"RM, ST","Left",3,2,"High/Low",2500000,"","RS",10,"","2019-07-04",2022,71,67,61,72,29,69,NA,"Early Crosser",60,67,56,67,49,72,48,35,65,72,73,69,73,66,71,74,64,69,85,70,32,16,64,60,54,59,49,13,19
"159",227159,"https://sofifa.com/player/227159/carlos-ibarguen/20/159586","C. Ibargüen",23,180,79,"Colombia","Atlético Bucaramanga",68,75,1300000,1000,"ST","Right",3,3,"Medium/Low",2000000,"","ST",31,"","2019-07-08",2020,73,68,50,65,28,80,NA,"Power Free-Kick",34,70,60,54,66,66,55,69,34,67,72,73,58,59,56,71,75,76,82,59,83,19,68,67,68,56,27,24,26
"160",229188,"https://sofifa.com/player/229188/evangelos-pavlidis/20/159586","E. Pavlidis",20,180,82,"Greece","Willem II",68,75,1300000,4000,"ST, LW","Right",4,3,"High/Medium",2100000,"","ST",10,"","2019-07-01",2022,67,69,58,65,41,75,NA,"Beat Offside Trap, Speed Dribbler (CPU AI Only)",58,69,66,63,56,66,58,44,54,64,65,69,65,65,70,74,78,75,77,72,67,24,61,55,65,64,44,42,37
"161",237502,"https://sofifa.com/player/237502/dennis-johnsen/20/159586","D. Johnsen",21,185,75,"Norway","PEC Zwolle",68,75,1300000,4000,"LW","Right",2,4,"Medium/Low",NA,"","LW",17,"Ajax","",2020,81,57,65,74,26,59,NA,"Selfish, Crowd Favourite",67,52,40,66,60,75,67,50,60,72,85,77,80,62,70,69,33,64,65,56,42,22,58,68,46,58,27,23,23
"162",205887,"https://sofifa.com/player/205887/cauley-woodrow/20/159586","C. Woodrow",24,184,74,"England","Barnsley",68,74,1200000,6000,"ST","Right",4,2,"High/Medium",2600000,"","ST",9,"","2019-01-01",2022,69,68,54,65,31,68,NA,"Long Throw-in, Beat Offside Trap",44,70,65,62,66,63,51,42,50,66,71,68,66,64,68,69,70,74,71,65,54,24,69,58,65,67,38,22,20
"163",224438,"https://sofifa.com/player/224438/adam-buksa/20/159586","A. Buksa",22,192,87,"Poland","Pogoń Szczecin",68,74,1200000,3000,"ST","Right",4,3,"Medium/Low",1900000,"","ST",18,"","2018-07-01",2021,69,66,56,65,30,68,NA,"Power Free-Kick",47,71,69,63,61,66,52,46,44,67,67,71,63,65,48,64,79,72,72,58,51,24,68,65,67,66,31,23,21
"164",239432,"https://sofifa.com/player/239432/adrian-grbic/20/159586","A. Grbic",22,188,82,"Austria","Clermont Foot 63",68,74,1200000,3000,"ST","Right",4,2,"High/Medium",2400000,"","ST",9,"","2019-07-01",2022,73,70,53,64,23,68,NA,"",52,70,66,56,65,64,58,67,42,67,70,75,61,58,63,73,55,68,75,68,52,17,64,52,71,48,18,21,17
"165",241301,"https://sofifa.com/player/241301/justin-shonga/20/159586","J. Shonga",22,179,64,"Zambia","Orlando Pirates",68,74,1200000,1000,"ST","Right",3,3,"High/Medium",2900000,"","RS",12,"","2017-09-27",2021,73,66,60,69,31,52,NA,"",62,76,61,69,55,72,38,70,35,66,75,72,61,64,68,54,64,65,52,57,35,15,70,66,71,59,38,25,28
"166",244464,"https://sofifa.com/player/244464/eryc-castillo/20/159586","E. Castillo",24,175,80,"Ecuador","Santos Laguna",68,74,1200000,8000,"ST","Right",3,3,"Medium/Medium",NA,"","RS",13,"Club Tijuana","",2020,79,65,59,72,33,65,NA,"Selfish, Early Crosser",71,67,58,62,54,72,50,40,59,72,79,79,84,58,69,68,67,72,70,62,44,32,67,51,62,64,21,41,24
"167",222262,"https://sofifa.com/player/222262/cyriel-dessers/20/159586","C. Dessers",24,185,80,"Belgium","Heracles Almelo",68,73,1200000,4000,"ST","Right",4,3,"Medium/Medium",1900000,"","ST",9,"","2019-07-08",2022,71,70,52,63,28,70,NA,"",44,70,66,58,65,62,42,35,49,64,69,73,65,67,62,74,76,72,76,68,52,13,64,58,65,69,42,16,14
"168",222597,"https://sofifa.com/player/222597/ernest-ohemeng/20/159586","E. Ohemeng",23,175,65,"Ghana","CD Mirandés",68,73,1200000,4000,"LW","Right",3,3,"High/Low",1900000,"#Speedster","LW",19,"","2018-08-03",2020,91,58,54,76,24,47,NA,"Early Crosser",54,54,40,62,50,78,48,41,38,71,92,90,85,63,85,69,63,59,45,62,31,22,59,57,50,71,21,24,21
"169",225562,"https://sofifa.com/player/225562/martin-merquelanz/20/159586","Merquelanz",24,176,72,"Spain","CD Mirandés",68,73,1200000,4000,"LW, RW, CAM","Left",3,3,"Medium/Medium",NA,"","RW",11,"Real Sociedad","",2020,69,60,64,71,37,56,NA,"",65,65,36,68,40,72,62,43,59,71,70,68,68,64,78,54,49,56,60,62,50,39,66,65,44,61,25,45,47
"170",231394,"https://sofifa.com/player/231394/hildeberto-jose-morgado-pereira/20/159586","Hildeberto Pereira",23,177,77,"Portugal","Vitória de Setúbal",68,73,1200000,3000,"LW, ST","Right",4,3,"Medium/Medium",2600000,"","LW",11,"","2018-08-02",2021,84,64,59,72,53,78,NA,"Inflexible, Injury Free, Early Crosser",58,61,57,64,65,73,66,46,56,68,82,86,74,69,77,78,74,76,75,56,88,55,69,56,63,74,46,58,54
"171",239446,"https://sofifa.com/player/239446/helder-jose-castro-ferreira/20/159586","Hélder Ferreira",22,179,70,"Portugal","FC Paços de Ferreira",68,73,1200000,4000,"RW, LW","Right",3,3,"Medium/Medium",2500000,"","LW",17,"","2019-07-01",2022,74,64,65,71,29,53,NA,"Crowd Favourite",70,61,45,65,52,72,68,41,64,70,74,74,69,64,68,72,67,49,57,68,45,20,64,64,62,64,30,26,35
"172",241874,"https://sofifa.com/player/241874/anthony-blondell/20/159586","A. Blondell",25,185,77,"Venezuela","CD Huachipato",68,73,1200000,4000,"ST, RW","Right",3,3,"High/Low",NA,"","ST",9,"Vancouver Whitecaps FC","",2019,71,68,52,63,33,72,NA,"",45,69,64,55,60,63,62,61,43,67,69,72,58,60,50,72,68,63,80,65,62,13,65,56,66,55,47,25,21
"173",248061,"https://sofifa.com/player/248061/cristi-barbut/20/159586","C. Bărbuț",24,166,60,"Romania","Universitatea Craiova",68,73,1200000,4000,"RW, RM","Right",3,3,"High/Low",1700000,"#Speedster, #Acrobat","RW",22,"","2017-07-01",2021,94,62,58,69,22,42,NA,"",65,64,37,63,41,65,40,39,39,65,93,94,93,60,92,67,66,70,30,58,31,16,64,64,53,40,19,25,23
"174",250807,"https://sofifa.com/player/250807/halil-dervisoglu/20/159586","H. Dervişoğlu",19,183,76,"Turkey","Sparta Rotterdam",67,81,1600000,3000,"CF, ST","Right",3,4,"Medium/Medium",3400000,"","LS",11,"","2018-07-01",2021,76,62,57,68,29,58,NA,"Speed Dribbler (CPU AI Only), Crowd Favourite",48,64,50,66,51,66,49,28,40,71,76,76,74,66,60,64,64,67,57,60,48,26,66,70,60,65,29,27,24
"175",251756,"https://sofifa.com/player/251756/randy-nteka/20/159586","R. Nteka",21,189,75,"France","CF Fuenlabrada",67,79,1400000,2000,"CAM, ST","Left",2,3,"High/High",2400000,"","LS",10,"","2017-07-01",2023,71,64,61,69,62,74,NA,"Crowd Favourite",54,65,62,65,59,68,57,44,62,69,74,68,75,60,73,69,68,74,72,59,78,63,69,64,50,69,59,65,63
"176",239307,"https://sofifa.com/player/239307/robbie-dhaese/20/159586","R. D'Haese",20,180,67,"Belgium","KV Oostende",67,77,1200000,5000,"RW, LW","Right",3,3,"Medium/Medium",2100000,"","RW",29,"","2017-03-07",2022,78,57,64,70,35,49,NA,"Crowd Favourite",68,62,38,68,64,68,44,46,66,72,79,78,75,57,72,63,70,64,44,38,37,21,67,60,48,65,45,31,39
"177",240922,"https://sofifa.com/player/240922/daniel-escriche-romero/20/159586","Escriche",21,182,75,"Spain","SD Huesca",67,77,1300000,3000,"ST, CAM","Right",3,2,"High/Medium",2300000,"","ST",9,"","2018-07-15",2022,68,66,51,65,35,54,NA,"",35,70,69,63,59,64,49,46,40,68,69,67,61,64,69,64,68,64,56,61,32,23,65,55,64,49,55,17,14
"178",246732,"https://sofifa.com/player/246732/ake-loba/20/159586","A. Loba",21,180,76,"Ivory Coast","Querétaro",67,77,1300000,3000,"ST","Right",3,3,"High/Medium",2400000,"","ST",9,"","2019-01-01",2022,80,65,54,69,21,67,NA,"Crowd Favourite",42,69,61,65,51,68,45,41,53,67,81,79,82,60,64,65,68,74,70,57,49,15,62,53,72,59,20,14,16
"179",215195,"https://sofifa.com/player/215195/sander-svendsen/20/159586","S. Svendsen",21,172,67,"Norway","Odense Boldklub",67,76,1200000,4000,"LW, ST, LM","Right",4,3,"High/Medium",1700000,"","RS",10,"","2019-07-16",2023,82,65,62,68,37,62,NA,"Beat Offside Trap, Selfish, Crowd Favourite",63,66,59,65,64,65,65,55,54,66,84,80,80,61,87,65,90,77,55,65,52,33,64,62,59,66,38,34,30
"180",229536,"https://sofifa.com/player/229536/horacio-tijanovich/20/159586","H. Tijanovich",23,173,68,"Argentina","Gimnasia y Esgrima La Plata",67,76,1200000,5000,"LM, ST, RM","Right",3,3,"Medium/Low",2000000,"","LS",11,"","2018-07-28",2021,78,66,59,68,35,61,NA,"",55,71,52,64,52,67,55,47,55,68,78,78,75,62,72,64,75,63,61,61,56,24,67,62,58,61,59,17,19
"181",237321,"https://sofifa.com/player/237321/mergim-berisha/20/159586","M. Berisha",21,186,79,"Kosovo","SCR Altach",67,76,1200000,4000,"ST, CAM, CF","Right",3,3,"High/Medium",NA,"","ST",37,"FC Red Bull Salzburg","",2020,71,64,54,66,30,70,NA,"",49,70,59,59,64,65,59,49,42,67,67,74,67,63,61,64,64,68,79,52,50,28,64,57,66,49,29,24,22
"182",233808,"https://sofifa.com/player/233808/simone-palombi/20/159586","S. Palombi",23,182,70,"Italy","US Cremonese",67,75,1100000,2000,"ST","Right",3,2,"Medium/Low",NA,"","RS",11,"Lazio","",2020,69,63,56,62,35,65,NA,"Long Passer (CPU AI Only)",58,67,68,57,64,60,47,49,57,65,73,65,62,65,59,61,57,66,72,59,46,40,70,56,52,55,19,36,37
"183",213089,"https://sofifa.com/player/213089/godsway-donyoh/20/159586","G. Donyoh",24,179,71,"Ghana","FC Nordsjælland",67,74,1100000,4000,"ST, RW, LW","Left",3,3,"Medium/Low",1600000,"","LW",11,"","2016-01-29",2021,86,65,56,69,28,56,NA,"",50,65,53,64,63,66,55,54,51,67,86,86,86,55,85,68,82,66,55,64,41,22,71,50,62,62,39,18,16
"184",229883,"https://sofifa.com/player/229883/omar-duarte/20/159586","O. Duarte",23,173,68,"Colombia","Atlético Huila",67,74,1100000,1000,"ST, LM, LW","Left",2,3,"High/Medium",1700000,"","ST",9,"","2019-07-08",2024,78,64,56,67,26,67,NA,"",57,65,60,65,59,68,52,40,37,66,77,78,74,64,61,62,70,74,71,61,47,26,69,60,71,57,22,22,18
"185",214318,"https://sofifa.com/player/214318/nicolas-orellana/20/159586","N. Orellana",23,180,73,"Chile","CD Universidad de Concepción",67,73,1000000,2000,"LW, RW, ST","Left",2,3,"Medium/Medium",1600000,"","LW",22,"","2019-01-23",2019,72,66,65,69,29,72,NA,"",68,68,70,67,44,69,62,42,66,70,73,71,74,52,68,70,75,73,80,64,50,26,68,62,66,65,36,13,21
"186",215443,"https://sofifa.com/player/215443/philip-zinckernagel/20/159586","P. Zinckernagel",24,175,70,"Denmark","FK Bodø/Glimt",67,73,1000000,2000,"RW","Right",2,3,"High/Medium",1500000,"#Acrobat","ST",10,"","2018-03-30",2020,85,58,62,71,41,64,NA,"Injury Free, Selfish, Argues with Officials, Crowd Favourite",64,57,38,63,48,71,65,54,56,67,89,82,90,62,73,63,42,73,62,56,65,38,59,63,56,61,51,38,24
"187",216265,"https://sofifa.com/player/216265/uche-ikpeazu/20/159586","U. Ikpeazu",24,191,78,"England","Heart of Midlothian",67,73,1100000,3000,"ST","Right",3,2,"High/Low",2100000,"#Strength","RS",19,"","2018-07-01",2022,66,63,50,69,27,84,NA,"Long Passer (CPU AI Only)",39,63,61,54,59,73,36,31,50,69,63,69,58,54,62,82,66,71,94,47,80,22,65,64,57,64,23,24,19
"188",221197,"https://sofifa.com/player/221197/fred-onyedinma/20/159586","F. Onyedinma",22,185,80,"Nigeria","Wycombe Wanderers",67,73,1000000,3000,"RM, LM, ST","Right",3,3,"High/Medium",2000000,"","LW",23,"","2019-07-30",2022,86,60,60,67,43,70,NA,"",61,63,58,62,41,67,52,40,60,66,85,87,79,57,65,62,63,69,76,56,57,45,64,61,60,65,40,42,38
"189",225955,"https://sofifa.com/player/225955/marko-kvasina/20/159586","M. Kvasina",22,194,82,"Austria","SV Mattersburg",67,73,1100000,7000,"ST, CAM","Right",2,3,"Medium/Low",1700000,"","RS",9,"","2018-07-01",2024,58,67,50,64,28,71,NA,"",32,69,69,58,56,66,53,34,52,68,54,62,59,57,40,68,72,60,86,66,48,22,62,56,56,63,23,25,23
"190",226787,"https://sofifa.com/player/226787/santiago-rosales/20/159586","S. Rosales",24,180,72,"Argentina","Patronato",67,73,1000000,5000,"LM, RM, RW","Right",4,4,"Medium/Medium",NA,"","LS",30,"Racing Club","",2020,78,60,63,70,22,55,NA,"Selfish, Early Crosser",55,61,69,64,52,73,67,55,62,68,77,78,72,57,70,62,71,64,57,57,33,22,64,69,61,63,13,17,14
"191",228017,"https://sofifa.com/player/228017/yuning-zhang/20/159586","Zhang Yuning",22,184,69,"China PR","Beijing Sinobo Guoan FC",67,73,1100000,6000,"ST","Right",3,3,"High/Low",1900000,"","LS",9,"","2019-02-24",2023,64,65,60,63,26,65,NA,"",53,67,73,67,61,61,58,41,63,68,63,65,64,54,65,71,72,61,73,63,47,23,66,56,42,60,20,22,18
"192",239669,"https://sofifa.com/player/239669/jonathan-levi/20/159586","J. Levi",23,185,75,"Sweden","IF Elfsborg",67,73,1000000,2000,"RW, RM","Left",3,3,"Medium/Low",NA,"","RW",21,"Rosenborg BK","",2019,78,67,61,69,33,55,NA,"",66,69,48,59,61,69,68,69,54,72,77,78,69,54,58,66,53,65,60,69,32,15,56,61,62,53,52,23,25
"193",244112,"https://sofifa.com/player/244112/daniel-kofi-kyereh/20/159586","D. Kyereh",23,179,73,"Germany","SV Wehen Wiesbaden",67,73,1100000,6000,"ST, RM","Right",3,4,"Medium/Medium",1900000,"","RS",17,"","2018-07-01",2020,86,64,49,73,22,58,NA,"Early Crosser",51,67,58,59,67,76,31,27,33,65,86,86,86,64,75,64,90,68,56,60,44,19,64,49,46,55,20,15,17
"194",212158,"https://sofifa.com/player/212158/osayamen-osawe/20/159586","O. Osawe",25,181,79,"Nigeria","KFC Uerdingen 05",67,72,1000000,4000,"ST, RM","Right",3,2,"Medium/Medium",1600000,"","ST",35,"","2019-01-15",2021,85,64,49,64,28,69,NA,"Early Crosser",43,65,62,61,63,64,43,32,33,61,84,85,73,63,67,66,81,71,76,60,46,16,66,52,60,62,33,24,16
"195",237453,"https://sofifa.com/player/237453/ado-onaiwu/20/159586","A. Onaiwu",23,180,74,"Japan","Oita Trinita",67,72,1000000,2000,"ST, CF","Right",3,2,"High/Low",NA,"","ST",45,"Urawa Red Diamonds","",2020,81,63,47,60,33,74,NA,"",34,62,63,60,58,57,34,39,53,59,85,78,65,64,75,70,85,72,78,61,66,24,69,40,60,58,27,37,26
"196",241487,"https://sofifa.com/player/241487/jesus-ferreira/20/159586","J. Ferreira",18,173,64,"Colombia","FC Dallas",66,83,1300000,1000,"ST, RW","Right",4,2,"High/Medium",2800000,"","ST",27,"","2016-11-17",2019,84,64,44,62,24,61,NA,"",26,71,62,52,40,55,53,27,36,63,84,84,82,63,85,64,79,82,52,50,51,17,74,57,63,66,26,19,11
"197",233917,"https://sofifa.com/player/233917/dereck-kutesa/20/159586","D. Kutesa",21,176,67,"Switzerland","FC St. Gallen",66,81,1400000,4000,"LW, RW","Right",3,4,"High/Medium",2900000,"","LW",10,"","2018-07-06",2021,89,58,58,70,38,63,NA,"Selfish, Early Crosser, Crowd Favourite",51,59,37,65,41,68,44,38,55,68,88,90,87,57,81,60,88,73,65,58,39,33,61,62,53,58,41,39,34
"198",233018,"https://sofifa.com/player/233018/dae-won-kim/20/159586","Kim Dae Won",22,171,65,"Korea Republic","Daegu FC",66,78,1100000,2000,"LW, ST","Right",4,2,"High/Medium",1700000,"","LS",14,"","2015-12-08",2022,79,61,59,66,25,62,NA,"",65,59,61,66,50,67,40,34,44,65,83,75,68,62,69,67,75,64,59,60,64,17,67,64,60,70,34,12,15
"199",252289,"https://sofifa.com/player/252289/richard-birkheun-rodrigues/20/159586","Richard Rodrigues",19,176,69,"Brazil","CD Tondela",66,78,1100000,2000,"ST","Right",3,3,"Medium/Medium",NA,"","ST",77,"Internacional","",2020,67,66,62,71,46,51,NA,"",61,65,62,64,64,70,64,56,58,72,66,67,78,65,76,71,54,59,49,64,46,28,64,64,67,64,45,51,55
"200",233139,"https://sofifa.com/player/233139/cedric-itten/20/159586","C. Itten",22,189,81,"Switzerland","FC St. Gallen",66,77,1100000,5000,"ST","Right",3,2,"High/Medium",1800000,"","ST",13,"","2018-06-25",2021,66,63,57,62,35,63,NA,"",64,66,68,61,51,60,38,34,55,67,73,61,58,63,63,64,67,69,67,57,46,29,66,55,66,59,28,35,34
"201",251300,"https://sofifa.com/player/251300/khalid-hachadi/20/159586","K. Hachadi",21,190,85,"Morocco","Vitória de Setúbal",66,77,1100000,2000,"ST","Left",3,2,"Medium/Medium",2600000,"","ST",9,"","2019-07-01",2024,53,64,49,60,34,73,NA,"Long Passer (CPU AI Only)",30,69,72,59,59,61,40,36,49,64,52,53,50,61,43,65,57,67,81,53,66,25,65,54,64,60,33,28,30
"202",208581,"https://sofifa.com/player/208581/zymer-bytyqi/20/159586","Z. Bytyqi",22,176,70,"Norway","Viking FK",66,76,1000000,2000,"RW, LW","Right",3,4,"Medium/Low",1500000,"","RW",7,"","2015-01-08",2020,78,61,60,71,24,63,NA,"Selfish, Speed Dribbler (CPU AI Only), Crowd Favourite",62,58,43,60,58,70,65,60,55,70,80,76,81,60,76,67,67,64,62,61,62,12,56,60,62,63,39,13,13
"203",222878,"https://sofifa.com/player/222878/tyler-walker/20/159586","T. Walker",22,179,63,"England","Lincoln City",66,76,1000000,4000,"ST","Right",4,3,"High/High",NA,"","ST",17,"Nottingham Forest","",2020,84,65,56,68,33,60,NA,"Beat Offside Trap, Early Crosser",60,69,59,58,54,65,60,45,40,66,82,86,89,59,74,66,74,74,63,60,32,31,62,61,68,63,30,34,18
"204",228886,"https://sofifa.com/player/228886/giuseppe-panico/20/159586","G. Panico",22,171,69,"Italy","Cittadella",66,76,1000000,1000,"ST, CF","Right",3,3,"Medium/Medium",1800000,"","LS",17,"","2018-07-14",2022,80,64,58,65,40,55,NA,"",60,65,61,62,61,63,60,51,53,66,82,79,77,63,66,65,66,61,57,62,39,42,66,54,61,65,21,48,43
"205",220669,"https://sofifa.com/player/220669/fejiri-okenabirhie/20/159586","F. Okenabirhie",23,178,74,"England","Shrewsbury",66,75,1000000,3000,"ST","Right",4,3,"Medium/Medium",2000000,"","LS",10,"","2018-06-10",2020,84,64,53,67,32,65,NA,"",45,68,59,56,51,65,50,62,51,64,83,85,85,62,77,63,76,72,66,62,52,31,62,55,63,54,26,31,32
"206",233809,"https://sofifa.com/player/233809/alessandro-rossi/20/159586","A. Rossi",22,183,78,"Italy","Castellammare di Stabia",66,75,1000000,1000,"ST","Right",2,3,"High/Low",NA,"","ST",44,"Lazio","",2020,64,66,55,63,31,63,NA,"",52,69,64,65,64,64,53,50,49,66,67,62,59,62,46,68,62,59,74,60,43,32,60,48,53,55,28,26,24
"207",234202,"https://sofifa.com/player/234202/che-nunnely/20/159586","C. Nunnely",20,176,73,"Netherlands","Willem II",66,75,1000000,3000,"RW","Right",3,3,"Medium/Medium",1700000,"","RW",7,"","2019-07-01",2022,87,50,56,75,24,54,NA,"Selfish, Speed Dribbler (CPU AI Only), Crowd Favourite",62,50,33,58,53,75,64,33,44,74,88,87,84,57,78,56,65,47,64,43,37,22,50,60,43,52,25,23,22
"208",242158,"https://sofifa.com/player/242158/alexis-rodriguez/20/159586","A. Rodríguez",23,170,70,"Argentina","Newell's Old Boys",66,75,1000000,5000,"ST, LM, RM","Right",3,3,"Medium/Medium",1700000,"","RW",14,"","2017-11-27",2021,76,65,59,70,46,58,NA,"",53,70,45,64,44,68,40,46,58,68,75,76,82,62,83,67,62,59,57,60,60,48,68,64,49,61,43,49,47
"209",236474,"https://sofifa.com/player/236474/mustapha-bundu/20/159586","M. Bundu",22,189,77,"Sierra Leone","Aarhus GF",66,73,900000,4000,"RW, ST, RM","Right",3,3,"High/Medium",1300000,"","RW",19,"","2016-09-20",2021,85,62,57,68,42,68,NA,"",59,61,52,59,52,68,59,56,52,66,82,87,76,60,74,68,70,72,73,64,49,27,67,55,51,58,53,41,36
"210",243456,"https://sofifa.com/player/243456/brian-white/20/159586","B. White",23,178,77,"United States","New York Red Bulls",66,73,925000,3000,"ST, LW","Right",3,2,"High/High",1600000,"","ST",42,"","2018-08-04",2020,76,63,51,66,48,68,NA,"",43,66,64,56,52,64,52,42,50,65,76,76,75,63,72,64,72,73,71,58,55,46,64,55,62,58,47,46,42
"211",209264,"https://sofifa.com/player/209264/bard-finne/20/159586","B. Finne",24,173,70,"Norway","Vålerenga Fotball",66,72,875000,2000,"LM, LW, ST","Right",3,3,"High/Medium",1300000,"","ST",11,"","2017-02-24",2020,77,64,56,70,23,60,NA,"Argues with Officials",50,65,51,63,68,67,63,70,37,69,81,74,83,67,85,70,83,81,52,57,49,21,62,58,64,59,30,12,15
"212",222215,"https://sofifa.com/player/222215/petter-strand/20/159586","P. Strand",24,175,71,"Norway","SK Brann",66,72,875000,2000,"LW, CM","Right",3,3,"High/High",1300000,"#Engine","LW",9,"","2019-01-14",2022,85,63,65,67,58,72,NA,"Argues with Officials, Crowd Favourite",64,60,48,64,59,66,67,68,64,63,87,84,87,58,71,71,72,92,65,66,62,64,58,65,56,60,56,60,58
"213",204849,"https://sofifa.com/player/204849/marco-bueno/20/159586","M. Bueno",25,182,75,"Mexico","HJK Helsinki",66,71,875000,1000,"ST, CAM","Right",3,3,"High/Low",1900000,"","ST",10,"","2019-03-26",2019,72,63,58,65,35,71,NA,"",59,65,67,61,48,64,54,51,59,65,70,74,73,63,61,65,76,70,72,58,69,17,67,55,62,58,28,42,40
"214",206469,"https://sofifa.com/player/206469/taxiarchis-fountas/20/159586","T. Fountas",23,170,65,"Greece","SK Rapid Wien",66,71,875000,5000,"ST, LW, RW","Right",3,3,"Medium/Medium",1400000,"","RS",9,"","2019-07-01",2022,84,62,63,71,44,48,NA,"",62,61,57,64,64,68,68,69,58,66,88,80,89,67,89,65,72,58,32,60,70,56,71,64,60,70,37,40,37
"215",215817,"https://sofifa.com/player/215817/dino-islamovic/20/159586","D. Islamovic",25,189,87,"Sweden","Östersunds FK",66,71,875000,2000,"ST","Left",3,2,"Low/Medium",1200000,"","ST",99,"","2018-01-01",2019,50,69,57,62,29,72,NA,"",39,66,57,63,69,61,64,58,52,65,41,58,60,64,60,78,63,69,85,69,44,42,67,64,62,68,28,16,19
"216",224121,"https://sofifa.com/player/224121/alessandro-capello/20/159586","A. Capello",23,183,75,"Italy","Venezia FC",66,71,875000,1000,"ST, LW","Right",3,2,"Medium/Low",1400000,"","RS",28,"","2019-07-21",2024,77,64,57,63,30,61,NA,"",59,68,65,59,57,60,45,43,58,64,74,79,75,62,58,63,62,73,63,55,39,33,69,59,70,61,24,23,23
"217",224324,"https://sofifa.com/player/224324/oskar-zawada/20/159586","O. Zawada",23,192,83,"Poland","Wisła Płock",66,71,875000,2000,"ST","Right",3,2,"Medium/Medium",1200000,"","ST",16,"","2018-02-01",2021,74,64,48,60,26,68,NA,"",41,67,65,55,59,57,53,39,34,65,73,75,58,59,56,67,54,66,81,54,40,22,63,56,61,49,20,23,22
"218",225654,"https://sofifa.com/player/225654/julius-duker/20/159586","J. Düker",23,188,80,"Germany","SV Meppen",66,71,875000,1000,"CF, RW","Left",3,3,"Medium/Medium",1300000,"","ST",26,"","2019-07-01",2021,66,60,57,70,28,67,NA,"",58,62,65,62,56,70,54,36,37,71,66,66,65,67,67,63,73,65,77,54,42,25,63,66,53,48,22,23,26
"219",238642,"https://sofifa.com/player/238642/jonas-nietfeld/20/159586","J. Nietfeld",25,186,83,"Germany","Hallescher FC",66,71,875000,2000,"ST","Right",3,2,"Medium/Medium",1300000,"","LS",33,"","2019-07-01",2021,68,64,48,64,23,61,NA,"",39,65,62,58,60,63,45,62,35,67,63,72,60,61,58,66,81,70,68,64,28,11,68,47,50,48,28,15,13
"220",238743,"https://sofifa.com/player/238743/haji-wright/20/159586","H. Wright",21,193,90,"United States","VVV-Venlo",65,78,1100000,2000,"ST, RW","Right",4,2,"Medium/Medium",2200000,"#Strength","RW",7,"","2019-07-12",2020,72,63,48,60,23,68,NA,"Speed Dribbler (CPU AI Only)",42,65,67,54,51,60,51,34,37,62,68,75,65,59,40,67,66,62,87,60,30,13,59,55,64,57,20,20,18
"221",235980,"https://sofifa.com/player/235980/ivan-morales/20/159586","I. Morales",19,180,76,"Chile","Colo-Colo",65,77,950000,2000,"RW, ST","Right",3,2,"High/Medium",1500000,"","RW",18,"","2016-08-21",2020,78,61,56,67,25,71,NA,"",64,65,66,61,45,68,49,30,58,67,79,78,70,53,67,63,69,78,80,56,40,16,65,44,56,56,35,11,11
"222",229725,"https://sofifa.com/player/229725/mathias-kristensen/20/159586","M. Kristensen",22,187,77,"Denmark","Esbjerg fB",65,76,925000,4000,"RW","Right",3,3,"Medium/Medium",1300000,"","RW",26,"","2015-01-01",2021,77,61,61,67,43,59,NA,"",64,59,48,60,57,67,68,65,53,63,75,79,78,57,72,64,67,69,59,65,42,39,64,62,45,58,43,45,42
"223",245228,"https://sofifa.com/player/245228/florian-kruger/20/159586","F. Krüger",20,186,81,"Germany","FC Erzgebirge Aue",65,76,950000,2000,"ST","Right",4,2,"High/Medium",1700000,"","LW",11,"","2018-08-07",2021,76,62,49,64,21,65,NA,"",38,63,60,59,63,63,47,34,43,65,74,77,66,60,67,67,65,58,69,57,63,12,59,52,63,53,18,15,23
"224",238194,"https://sofifa.com/player/238194/nahuel-bustos/20/159586","N. Bustos",20,175,76,"Argentina","Club Atlético Talleres",65,75,875000,4000,"RW, ST","Right",2,3,"High/Low",1500000,"","ST",10,"","2016-07-01",2020,73,63,58,67,25,59,NA,"",61,64,57,64,54,66,55,32,51,63,72,74,76,65,76,62,60,68,66,60,28,20,64,57,70,60,30,16,18
"225",242163,"https://sofifa.com/player/242163/matias-cavalleri/20/159586","M. Cavalleri",21,168,63,"Chile","Curicó Unido",65,75,875000,1000,"RW, RM, ST","Right",3,2,"High/Medium",1400000,"","RW",24,"","2018-01-08",2020,73,64,59,68,32,55,NA,"",63,66,61,63,40,69,53,27,62,67,74,73,68,57,78,67,66,67,58,63,31,21,64,53,63,54,33,31,26
"226",241573,"https://sofifa.com/player/241573/mender-garcia/20/159586","M. García",20,180,66,"Colombia","Once Caldas",65,74,850000,1000,"ST","Right",3,3,"Medium/Medium",1300000,"","ST",9,"","2017-10-28",2022,80,66,41,64,22,65,NA,"",30,69,52,45,49,63,40,27,39,64,78,81,71,56,72,70,70,73,71,62,40,10,65,51,63,55,30,14,17
"227",244400,"https://sofifa.com/player/244400/kemal-ademi/20/159586","K. Ademi",23,196,86,"Switzerland","FC Basel 1893",65,74,850000,6000,"ST","Right",3,2,"Medium/Low",1400000,"#Strength","ST",99,"","2019-07-01",2023,55,63,42,58,29,79,NA,"",26,67,73,51,57,59,41,34,31,61,52,57,45,62,43,65,69,77,88,54,60,24,67,53,57,54,20,26,27
"228",244419,"https://sofifa.com/player/244419/christian-ilic/20/159586","C. Ilić",22,178,73,"Croatia","Motherwell",65,74,825000,2000,"LM, LW, LB","Left",4,3,"High/High",1600000,"","RW",16,"","2019-07-12",2020,77,43,58,67,59,61,NA,"",65,44,56,65,36,68,55,41,51,65,79,75,65,60,77,42,63,72,59,39,50,63,59,50,43,55,60,57,54
"229",235989,"https://sofifa.com/player/235989/norberto-briasco/20/159586","N. Briasco",23,179,82,"Armenia","Club Atlético Huracán",65,73,800000,4000,"ST, RM","Right",2,3,"Medium/Medium",1400000,"","RW",20,"","2016-07-01",2021,66,66,48,65,23,58,NA,"",39,69,67,56,44,67,44,38,44,63,62,69,68,58,65,67,61,55,63,63,47,20,60,51,68,58,19,14,22
"230",223097,"https://sofifa.com/player/223097/franco-cristaldo/20/159586","F. Cristaldo",22,170,69,"Argentina","Central Córdoba",65,72,700000,3000,"CDM, RM","Right",3,3,"Medium/Medium",1200000,"","LW",25,"","2014-01-01",2024,73,56,62,69,57,66,NA,"",49,54,51,67,47,66,63,62,65,68,74,72,80,69,82,62,67,64,67,58,65,63,53,66,57,66,53,60,56
"231",225075,"https://sofifa.com/player/225075/julian-gunther-schmidt/20/159586","J. Günther-Schmidt",24,183,81,"Germany","FC Carl Zeiss Jena",65,72,775000,1000,"ST","Right",3,3,"Medium/Medium",1300000,"","RS",27,"","2019-07-01",2021,70,63,51,65,23,61,NA,"Power Free-Kick",52,63,57,57,57,64,58,45,38,65,68,72,72,62,68,71,58,50,72,59,48,15,61,51,60,56,28,14,19
"232",235295,"https://sofifa.com/player/235295/claudio-morra/20/159586","C. Morra",24,185,79,"Italy","Virtus Entella",65,72,775000,1000,"ST","Right",3,3,"High/High",1400000,"","RS",66,"","2019-07-25",2022,66,64,42,63,23,67,NA,"",35,69,61,48,66,63,46,28,29,65,65,67,57,61,65,63,64,69,72,56,55,19,68,53,55,63,22,16,20
"233",240452,"https://sofifa.com/player/240452/mbala-nzola/20/159586","M. Nzola",22,185,82,"France","Trapani",65,72,775000,1000,"ST, RW","Left",4,3,"Medium/Medium",1400000,"","RW",10,"","2019-07-01",2021,74,63,56,64,28,70,NA,"",52,63,61,63,57,65,59,44,55,63,70,77,62,59,60,67,71,69,80,59,46,29,62,49,64,63,20,24,28
"234",246771,"https://sofifa.com/player/246771/manuel-castro/20/159586","M. Castro",23,172,72,"Uruguay","Estudiantes de La Plata",65,72,750000,4000,"RM, LM, RW","Right",3,3,"Medium/Medium",1300000,"","RW",17,"","2019-01-08",2022,69,63,66,65,49,59,NA,"",65,63,54,73,52,64,68,70,68,63,71,67,69,58,77,68,63,67,57,63,54,47,62,50,58,59,47,49,53
"235",216322,"https://sofifa.com/player/216322/jordy-hiwula/20/159586","J. Hiwula",24,178,76,"England","Coventry City",65,71,750000,3000,"LW, LM, ST","Right",3,2,"High/Medium",1500000,"#Acrobat","LW",11,"","2018-08-02",2020,81,62,54,65,29,58,NA,"Early Crosser",56,64,58,57,54,62,50,36,43,61,80,82,90,64,74,59,62,64,63,63,38,21,62,62,54,58,32,24,24
"236",239944,"https://sofifa.com/player/239944/robert-thomas-taylor/20/159586","R. Taylor",24,183,80,"Finland","Tromsø IL",65,71,750000,1000,"RM, RWB, ST","Right",3,3,"Medium/Medium",1100000,"","RS",11,"","2018-08-31",2021,79,64,60,65,53,69,NA,"",59,62,40,62,43,68,61,58,62,63,81,78,59,56,62,75,71,73,66,69,70,49,57,56,44,62,57,56,54
"237",241191,"https://sofifa.com/player/241191/marko-kolar/20/159586","M. Kolar",24,185,77,"Croatia","FC Emmen",65,71,750000,2000,"ST, RM","Right",3,2,"High/Medium",1200000,"","ST",9,"","2019-07-01",2021,70,64,49,64,23,62,NA,"",37,67,62,62,46,65,42,30,42,64,73,67,60,57,59,66,71,63,71,57,34,14,63,49,69,62,24,17,16
"238",245550,"https://sofifa.com/player/245550/sekou-gassama/20/159586","S. Gassama",24,190,88,"Spain","UD Almería",65,71,750000,2000,"ST","Right",3,2,"Medium/Medium",1300000,"","ST",9,"","2017-07-01",2020,60,67,47,59,32,69,NA,"",38,72,75,56,59,61,40,35,35,60,60,60,59,54,46,66,72,56,80,61,58,26,57,53,68,46,30,26,23
"239",247935,"https://sofifa.com/player/247935/william-togui/20/159586","W. Togui",22,181,81,"Ivory Coast","KV Mechelen",65,71,750000,4000,"ST","Right",3,2,"Medium/Medium",1200000,"","LS",29,"","2018-07-01",2022,77,66,49,60,21,68,NA,"",49,67,61,56,64,59,43,48,26,57,76,77,66,58,68,70,79,63,74,60,57,19,64,57,64,58,18,13,18
"240",251412,"https://sofifa.com/player/251412/shon-weissman/20/159586","S. Weissman",23,174,70,"Israel","Wolfsberger AC",65,71,750000,4000,"ST, LW","Right",3,2,"Medium/Medium",1200000,"","LS",9,"","2019-07-01",2021,77,65,53,72,22,52,NA,"",52,69,52,55,60,75,54,38,46,70,75,78,68,61,73,64,57,70,46,58,42,21,62,60,62,66,23,12,19
"241",206430,"https://sofifa.com/player/206430/joe-pigott/20/159586","J. Pigott",25,183,60,"England","AFC Wimbledon",65,70,725000,3000,"ST","Right",3,2,"Medium/Medium",1300000,"","RS",39,"","2018-01-15",2021,68,63,48,64,26,65,NA,"",32,66,60,58,60,62,36,58,48,66,67,68,75,56,65,62,75,64,76,58,34,21,65,45,62,57,28,16,21
"242",211214,"https://sofifa.com/player/211214/fabrice-olinga/20/159586","F. Olinga",23,178,68,"Cameroon","Royal Excel Mouscron",65,70,725000,3000,"LM, RM, ST","Right",3,3,"Medium/Low",1100000,"","RS",7,"","2015-08-31",2021,73,56,59,73,19,47,NA,"Early Crosser",64,51,33,60,54,73,38,60,59,71,77,70,82,56,76,68,77,48,48,57,38,13,57,57,51,62,15,26,11
"243",220881,"https://sofifa.com/player/220881/valmir-sulejmani/20/159586","V. Sulejmani",23,185,84,"Kosovo","SV Waldhof Mannheim",65,70,725000,1000,"ST","Left",4,3,"Medium/Medium",1100000,"","ST",9,"","2018-07-01",2020,65,63,55,65,41,72,NA,"",35,66,57,62,57,66,58,54,53,63,63,67,66,65,65,67,73,71,77,53,59,19,65,63,66,63,39,57,26
"244",225735,"https://sofifa.com/player/225735/dominic-baumann/20/159586","D. Baumann",24,178,82,"Germany","FC Würzburger Kickers",65,70,725000,2000,"ST, CAM","Right",3,3,"High/Low",1100000,"","RS",9,"","2017-07-01",2021,68,62,52,62,28,70,NA,"",46,61,64,59,51,60,51,32,48,61,67,68,66,59,78,75,88,55,79,55,61,23,67,55,58,48,28,21,23
"245",239611,"https://sofifa.com/player/239611/mo-eisa/20/159586","M. Eisa",24,183,70,"Sudan","Peterborough United",65,70,725000,3000,"ST","Right",3,3,"High/Medium",1300000,"","RS",7,"","2019-06-01",2023,76,63,50,64,24,64,NA,"Crowd Favourite",53,68,58,51,48,65,56,60,30,63,78,75,68,57,60,62,69,76,68,58,36,18,69,55,58,64,29,15,17
